,date,hour,AQI,CO,CO_24h,NO2,NO2_24h,O3,O3_24h,O3_8h,O3_8h_24h,PM10,PM10_24h,PM2.5,PM2.5_24h,SO2,SO2_24h
0,20211201,0,65.0,42.0,46.0,80.0,68.0,6.0,5.0,30.0,34.0,50.0,70.0,53.0,58.0,0.6,0.8
1,20211201,1,58.0,34.0,47.0,66.0,71.0,5.0,5.0,26.0,33.0,53.0,70.0,53.0,53.0,0.5,0.8
2,20211201,2,48.0,24.0,47.0,48.0,72.0,5.0,5.0,25.0,32.0,51.0,70.0,52.0,53.0,0.5,0.8
3,20211201,3,42.0,18.0,47.0,42.0,73.0,6.0,5.0,27.0,31.0,46.0,70.0,50.0,53.0,0.5,0.8
4,20211201,4,39.0,16.0,45.0,39.0,72.0,6.0,5.0,29.0,31.0,41.0,63.0,48.0,53.0,0.5,0.7
5,20211201,5,38.0,18.0,43.0,38.0,70.0,6.0,5.0,32.0,31.0,36.0,63.0,45.0,53.0,0.5,0.7
6,20211201,6,42.0,17.0,39.0,42.0,68.0,6.0,5.0,38.0,31.0,28.0,63.0,42.0,53.0,0.6,0.7
7,20211201,7,43.0,20.0,36.0,43.0,65.0,6.0,6.0,49.0,32.0,16.0,63.0,39.0,53.0,0.7,0.7
8,20211201,8,48.0,22.0,34.0,48.0,63.0,6.0,6.0,46.0,32.0,19.0,63.0,36.0,53.0,0.7,0.7
9,20211201,9,52.0,23.0,32.0,53.0,62.0,6.0,6.0,40.0,33.0,28.0,63.0,33.0,53.0,0.7,0.7
10,20211201,10,50.0,20.0,31.0,50.0,61.0,6.0,6.0,34.0,33.0,39.0,63.0,32.0,53.0,0.6,0.7
11,20211201,11,48.0,18.0,30.0,48.0,61.0,7.0,6.0,37.0,33.0,38.0,63.0,31.0,53.0,0.7,0.7
12,20211201,12,49.0,15.0,29.0,49.0,60.0,7.0,6.0,32.0,33.0,47.0,63.0,31.0,53.0,0.7,0.7
13,20211201,13,42.0,12.0,28.0,42.0,59.0,7.0,6.0,28.0,33.0,52.0,63.0,33.0,53.0,0.8,0.7
14,20211201,14,44.0,13.0,26.0,44.0,58.0,7.0,6.0,30.0,33.0,52.0,63.0,36.0,53.0,0.8,0.7
15,20211201,15,46.0,15.0,25.0,46.0,58.0,6.0,6.0,30.0,34.0,54.0,61.0,41.0,53.0,0.7,0.7
16,20211201,16,47.0,19.0,25.0,47.0,57.0,6.0,6.0,33.0,34.0,55.0,61.0,46.0,53.0,0.7,0.7
17,20211201,17,45.0,19.0,25.0,45.0,56.0,5.0,6.0,28.0,34.0,58.0,58.0,49.0,53.0,0.6,0.7
18,20211201,18,39.0,19.0,24.0,39.0,55.0,4.0,6.0,30.0,33.0,55.0,58.0,51.0,53.0,0.6,0.6
19,20211201,19,37.0,16.0,24.0,37.0,53.0,4.0,6.0,32.0,33.0,53.0,58.0,53.0,53.0,0.5,0.6
20,20211201,20,33.0,14.0,23.0,33.0,51.0,4.0,6.0,29.0,33.0,55.0,58.0,54.0,54.0,0.5,0.6
21,20211201,21,31.0,15.0,22.0,31.0,49.0,4.0,6.0,28.0,32.0,55.0,58.0,55.0,55.0,0.5,0.6
22,20211201,22,29.0,13.0,20.0,29.0,47.0,4.0,6.0,25.0,32.0,59.0,59.0,56.0,56.0,0.5,0.6
23,20211201,23,29.0,11.0,19.0,29.0,44.0,5.0,6.0,33.0,32.0,48.0,59.0,55.0,56.0,0.5,0.6
24,20211202,0,33.0,14.0,18.0,33.0,43.0,5.0,6.0,54.0,33.0,24.0,59.0,51.0,56.0,0.6,0.6
25,20211202,1,43.0,20.0,17.0,43.0,42.0,5.0,6.0,66.0,35.0,9.0,59.0,9.0,9.0,0.6,0.6
26,20211202,2,43.0,23.0,17.0,43.0,41.0,5.0,6.0,60.0,36.0,14.0,59.0,12.0,12.0,0.6,0.6
27,20211202,5,36.0,20.0,18.0,36.0,41.0,7.0,6.0,59.0,40.0,15.0,59.0,12.0,12.0,0.6,0.6
28,20211202,6,36.0,20.0,18.0,36.0,41.0,7.0,6.0,65.0,41.0,8.0,59.0,11.0,12.0,0.6,0.6
29,20211202,7,39.0,22.0,18.0,39.0,41.0,7.0,6.0,67.0,42.0,6.0,59.0,11.0,12.0,0.7,0.6
30,20211202,8,42.0,22.0,18.0,42.0,40.0,7.0,6.0,60.0,43.0,15.0,59.0,11.0,12.0,0.8,0.6
31,20211202,9,50.0,26.0,18.0,50.0,40.0,7.0,6.0,46.0,43.0,31.0,59.0,14.0,14.0,0.7,0.6
32,20211202,10,50.0,35.0,18.0,50.0,40.0,8.0,6.0,40.0,43.0,39.0,59.0,17.0,17.0,0.9,0.6
33,20211202,12,53.0,28.0,20.0,55.0,41.0,10.0,6.0,45.0,44.0,49.0,59.0,25.0,25.0,1.0,0.7
34,20211202,13,50.0,29.0,20.0,50.0,41.0,8.0,6.0,45.0,45.0,50.0,59.0,30.0,30.0,0.7,0.7
35,20211202,15,47.0,26.0,21.0,47.0,41.0,7.0,6.0,47.0,46.0,52.0,59.0,41.0,41.0,0.7,0.7
36,20211202,16,50.0,26.0,22.0,50.0,41.0,6.0,6.0,49.0,47.0,50.0,59.0,45.0,45.0,0.6,0.7
37,20211202,17,51.0,26.0,22.0,51.0,41.0,6.0,6.0,52.0,48.0,46.0,59.0,47.0,47.0,0.6,0.7
38,20211202,18,49.0,21.0,22.0,49.0,42.0,6.0,6.0,58.0,49.0,37.0,59.0,47.0,47.0,0.7,0.7
39,20211202,19,50.0,22.0,22.0,50.0,42.0,6.0,6.0,65.0,51.0,29.0,59.0,45.0,47.0,0.7,0.7
40,20211202,20,52.0,29.0,23.0,54.0,43.0,7.0,6.0,76.0,52.0,18.0,59.0,41.0,47.0,0.8,0.7
41,20211202,21,55.0,30.0,24.0,60.0,44.0,6.0,6.0,86.0,55.0,10.0,59.0,36.0,47.0,0.8,0.7
42,20211202,22,57.0,30.0,24.0,64.0,46.0,7.0,7.0,91.0,58.0,6.0,52.0,31.0,47.0,0.9,0.7
43,20211202,23,60.0,33.0,25.0,70.0,48.0,7.0,7.0,92.0,60.0,5.0,52.0,25.0,47.0,0.9,0.7
44,20211203,0,58.0,32.0,26.0,66.0,49.0,7.0,7.0,85.0,61.0,10.0,52.0,20.0,47.0,0.8,0.7
45,20211203,1,54.0,30.0,26.0,57.0,50.0,8.0,7.0,80.0,62.0,16.0,52.0,16.0,16.0,0.7,0.7
46,20211203,2,56.0,37.0,27.0,62.0,50.0,8.0,7.0,86.0,63.0,11.0,52.0,14.0,16.0,0.7,0.7
47,20211203,3,56.0,37.0,28.0,62.0,51.0,8.0,7.0,85.0,64.0,12.0,52.0,13.0,16.0,0.8,0.7
48,20211203,4,58.0,36.0,28.0,65.0,52.0,9.0,7.0,85.0,65.0,9.0,52.0,12.0,16.0,0.8,0.8
49,20211203,5,58.0,35.0,29.0,66.0,54.0,9.0,7.0,84.0,66.0,9.0,52.0,11.0,16.0,0.8,0.8
50,20211203,6,59.0,38.0,30.0,67.0,55.0,9.0,7.0,85.0,67.0,6.0,52.0,10.0,16.0,0.8,0.8
51,20211203,7,61.0,40.0,30.0,72.0,56.0,8.0,7.0,84.0,68.0,5.0,52.0,10.0,16.0,0.8,0.8
52,20211203,8,65.0,42.0,31.0,80.0,58.0,10.0,8.0,78.0,68.0,12.0,52.0,10.0,16.0,0.9,0.8
53,20211203,9,69.0,44.0,32.0,88.0,60.0,11.0,8.0,70.0,69.0,22.0,52.0,11.0,16.0,1.0,0.8
54,20211203,10,73.0,48.0,32.0,96.0,61.0,12.0,8.0,70.0,70.0,28.0,52.0,13.0,16.0,1.1,0.8
55,20211203,11,75.0,50.0,33.0,100.0,64.0,13.0,8.0,64.0,71.0,39.0,52.0,16.0,16.0,1.1,0.8
56,20211203,12,72.0,46.0,34.0,94.0,65.0,13.0,8.0,53.0,72.0,55.0,55.0,22.0,22.0,1.0,0.8
57,20211203,13,66.0,38.0,34.0,82.0,66.0,12.0,8.0,50.0,72.0,62.0,62.0,29.0,29.0,1.0,0.8
58,20211203,14,69.0,42.0,35.0,87.0,68.0,12.0,9.0,57.0,72.0,60.0,62.0,35.0,35.0,1.2,0.8
59,20211203,15,72.0,49.0,36.0,94.0,70.0,12.0,9.0,60.0,73.0,60.0,62.0,42.0,42.0,1.1,0.9
60,20211203,16,77.0,48.0,37.0,104.0,72.0,11.0,9.0,71.0,74.0,50.0,62.0,47.0,47.0,1.1,0.9
61,20211203,17,80.0,51.0,38.0,110.0,75.0,14.0,9.0,87.0,75.0,34.0,62.0,48.0,48.0,1.3,0.9
62,20211203,18,82.0,51.0,39.0,113.0,78.0,13.0,10.0,107.0,77.0,14.0,62.0,47.0,48.0,1.4,0.9
63,20211203,19,82.0,58.0,41.0,114.0,80.0,9.0,10.0,80.0,78.0,36.0,62.0,46.0,48.0,1.0,0.9
64,20211203,20,84.0,62.0,42.0,102.0,82.0,9.0,10.0,100.0,79.0,13.0,62.0,41.0,48.0,1.0,1.0
65,20211203,21,73.0,53.0,43.0,90.0,84.0,9.0,10.0,104.0,80.0,5.0,62.0,34.0,48.0,0.9,1.0
66,20211203,22,69.0,50.0,44.0,83.0,84.0,9.0,10.0,101.0,80.0,6.0,62.0,27.0,48.0,1.0,1.0
67,20211203,23,78.0,57.0,45.0,93.0,85.0,11.0,10.0,105.0,80.0,6.0,62.0,20.0,48.0,1.1,1.0
68,20211204,0,80.0,59.0,46.0,102.0,87.0,9.0,10.0,102.0,81.0,6.0,62.0,15.0,48.0,1.2,1.0
69,20211204,1,93.0,69.0,48.0,106.0,89.0,8.0,10.0,95.0,82.0,8.0,62.0,8.0,8.0,1.5,1.0
70,20211204,2,97.0,72.0,49.0,117.0,91.0,9.0,10.0,96.0,82.0,6.0,62.0,7.0,8.0,1.4,1.1
71,20211204,3,79.0,58.0,50.0,100.0,93.0,8.0,10.0,88.0,82.0,6.0,62.0,7.0,8.0,1.3,1.1
72,20211204,4,80.0,59.0,51.0,90.0,94.0,7.0,10.0,85.0,82.0,6.0,62.0,6.0,8.0,1.2,1.1
73,20211204,5,80.0,59.0,52.0,87.0,95.0,7.0,10.0,75.0,82.0,6.0,62.0,6.0,8.0,1.3,1.1
74,20211204,6,77.0,56.0,53.0,83.0,95.0,7.0,10.0,78.0,82.0,5.0,62.0,6.0,8.0,1.2,1.1
75,20211204,7,70.0,51.0,53.0,79.0,96.0,7.0,10.0,79.0,81.0,5.0,62.0,6.0,8.0,1.2,1.1
76,20211204,8,70.0,51.0,53.0,86.0,96.0,7.0,10.0,79.0,82.0,6.0,62.0,6.0,8.0,1.3,1.2
77,20211204,9,78.0,57.0,54.0,97.0,96.0,8.0,10.0,84.0,82.0,7.0,62.0,6.0,8.0,1.2,1.2
78,20211204,10,65.0,47.0,54.0,79.0,96.0,7.0,10.0,82.0,83.0,14.0,62.0,7.0,8.0,0.8,1.2
79,20211204,11,,31.0,53.0,53.0,94.0,,9.0,79.0,83.0,23.0,62.0,9.0,9.0,0.7,1.1
80,20211204,12,,,53.0,,94.0,9.0,9.0,,85.0,49.0,62.0,14.0,14.0,0.7,1.1
81,20211204,13,,,54.0,,94.0,7.0,9.0,36.0,84.0,69.0,69.0,22.0,22.0,0.5,1.1
82,20211204,14,,24.0,53.0,,94.0,7.0,9.0,41.0,83.0,67.0,69.0,30.0,30.0,0.5,1.1
83,20211204,15,58.0,27.0,52.0,65.0,93.0,7.0,9.0,55.0,83.0,60.0,69.0,37.0,37.0,0.5,1.1
84,20211204,16,58.0,28.0,51.0,66.0,91.0,7.0,8.0,66.0,83.0,51.0,69.0,42.0,42.0,0.5,1.0
85,20211204,17,58.0,26.0,50.0,65.0,89.0,7.0,8.0,64.0,82.0,49.0,69.0,48.0,48.0,0.6,1.0
86,20211204,18,60.0,23.0,49.0,69.0,87.0,6.0,8.0,73.0,80.0,36.0,69.0,50.0,50.0,0.7,1.0
87,20211204,19,,,49.0,,86.0,,8.0,,80.0,,22.0,,20.0,,1.0
88,20211204,20,76.0,32.0,47.0,102.0,86.0,6.0,8.0,103.0,80.0,9.0,69.0,49.0,50.0,0.8,1.0
89,20211204,21,71.0,30.0,45.0,92.0,86.0,5.0,7.0,103.0,81.0,7.0,69.0,37.0,50.0,0.8,0.9
90,20211204,22,65.0,30.0,44.0,80.0,86.0,6.0,7.0,108.0,81.0,5.0,69.0,30.0,50.0,0.8,0.9
91,20211204,23,62.0,26.0,43.0,74.0,85.0,6.0,7.0,109.0,81.0,4.0,69.0,22.0,50.0,0.7,0.9
92,20211205,0,56.0,22.0,41.0,62.0,83.0,6.0,7.0,110.0,82.0,4.0,69.0,17.0,50.0,0.8,0.9
93,20211205,1,54.0,22.0,39.0,56.0,81.0,6.0,7.0,108.0,82.0,5.0,69.0,5.0,5.0,0.8,0.9
94,20211205,2,50.0,18.0,37.0,48.0,77.0,6.0,7.0,99.0,83.0,4.0,69.0,4.0,5.0,0.7,0.8
95,20211205,3,49.0,14.0,35.0,40.0,74.0,6.0,7.0,97.0,83.0,4.0,69.0,4.0,5.0,0.6,0.8
96,20211205,4,46.0,13.0,33.0,35.0,72.0,6.0,7.0,92.0,83.0,6.0,69.0,5.0,5.0,0.7,0.8
97,20211205,5,42.0,17.0,31.0,34.0,69.0,6.0,7.0,84.0,84.0,5.0,69.0,5.0,5.0,0.8,0.8
98,20211205,6,53.0,22.0,29.0,55.0,68.0,6.0,7.0,91.0,84.0,4.0,69.0,5.0,5.0,0.7,0.8
99,20211205,7,54.0,22.0,28.0,58.0,67.0,6.0,6.0,92.0,85.0,4.0,69.0,5.0,5.0,0.7,0.7
100,20211205,8,46.0,20.0,26.0,46.0,65.0,6.0,6.0,89.0,85.0,7.0,69.0,5.0,5.0,0.7,0.7
101,20211205,9,44.0,18.0,25.0,44.0,63.0,6.0,6.0,77.0,85.0,20.0,69.0,7.0,7.0,0.7,0.7
102,20211205,10,45.0,17.0,23.0,45.0,61.0,6.0,6.0,48.0,83.0,51.0,69.0,13.0,13.0,0.6,0.7
103,20211205,11,33.0,13.0,23.0,33.0,60.0,5.0,6.0,34.0,81.0,69.0,69.0,21.0,21.0,0.5,0.7
104,20211205,12,26.0,11.0,22.0,24.0,58.0,5.0,6.0,27.0,79.0,82.0,82.0,30.0,30.0,0.4,0.7
105,20211205,13,27.0,10.0,22.0,27.0,57.0,5.0,6.0,30.0,79.0,80.0,82.0,40.0,40.0,0.5,0.7
106,20211205,14,31.0,8.0,21.0,31.0,56.0,5.0,6.0,31.0,78.0,82.0,82.0,49.0,49.0,0.5,0.7
107,20211205,15,34.0,10.0,20.0,34.0,55.0,5.0,6.0,29.0,77.0,90.0,90.0,60.0,60.0,0.5,0.7
108,20211205,16,38.0,12.0,20.0,38.0,53.0,5.0,6.0,33.0,76.0,89.0,90.0,70.0,70.0,0.5,0.7
109,20211205,17,40.0,14.0,19.0,40.0,52.0,5.0,6.0,34.0,75.0,87.0,90.0,79.0,79.0,0.6,0.7
110,20211205,18,42.0,17.0,19.0,42.0,51.0,5.0,6.0,52.0,74.0,66.0,90.0,81.0,81.0,0.7,0.7
111,20211205,19,50.0,20.0,18.0,50.0,50.0,5.0,6.0,67.0,73.0,51.0,90.0,78.0,81.0,0.7,0.7
112,20211205,20,51.0,25.0,18.0,52.0,48.0,5.0,6.0,77.0,72.0,40.0,90.0,73.0,81.0,0.8,0.7
113,20211205,21,53.0,29.0,18.0,56.0,46.0,5.0,6.0,105.0,72.0,12.0,90.0,65.0,81.0,0.8,0.7
114,20211205,22,53.0,29.0,18.0,55.0,45.0,5.0,6.0,87.0,71.0,30.0,90.0,58.0,81.0,0.8,0.7
115,20211205,23,47.0,30.0,18.0,47.0,44.0,5.0,5.0,70.0,69.0,40.0,90.0,52.0,81.0,0.8,0.7
116,20211206,0,49.0,28.0,18.0,42.0,43.0,5.0,5.0,98.0,69.0,11.0,90.0,42.0,81.0,0.7,0.7
117,20211206,1,51.0,28.0,19.0,38.0,42.0,5.0,5.0,101.0,68.0,7.0,90.0,7.0,7.0,0.7,0.7
118,20211206,2,40.0,25.0,19.0,36.0,42.0,6.0,5.0,80.0,68.0,25.0,90.0,16.0,16.0,0.7,0.7
119,20211206,3,46.0,25.0,19.0,33.0,41.0,5.0,5.0,91.0,67.0,12.0,90.0,15.0,16.0,0.7,0.7
120,20211206,4,49.0,26.0,20.0,32.0,41.0,6.0,5.0,97.0,68.0,6.0,90.0,12.0,16.0,0.7,0.7
121,20211206,5,52.0,25.0,20.0,35.0,41.0,7.0,5.0,104.0,68.0,4.0,90.0,11.0,16.0,0.7,0.7
122,20211206,6,47.0,23.0,20.0,32.0,40.0,6.0,5.0,94.0,69.0,7.0,90.0,10.0,16.0,0.7,0.7
123,20211206,7,42.0,21.0,20.0,31.0,39.0,5.0,5.0,84.0,68.0,15.0,90.0,11.0,16.0,0.7,0.7
124,20211206,8,40.0,22.0,20.0,30.0,39.0,6.0,5.0,79.0,68.0,24.0,90.0,12.0,16.0,0.8,0.7
125,20211206,9,44.0,22.0,20.0,35.0,38.0,6.0,5.0,88.0,68.0,20.0,90.0,14.0,16.0,0.9,0.7
126,20211206,10,40.0,21.0,21.0,40.0,38.0,6.0,5.0,62.0,69.0,51.0,90.0,17.0,17.0,0.8,0.7
127,20211206,11,36.0,15.0,21.0,36.0,38.0,5.0,5.0,43.0,69.0,74.0,90.0,25.0,25.0,0.7,0.7
128,20211206,12,33.0,16.0,21.0,33.0,39.0,6.0,5.0,39.0,70.0,80.0,90.0,34.0,34.0,0.6,0.7
129,20211206,13,34.0,15.0,21.0,34.0,39.0,5.0,5.0,38.0,70.0,83.0,90.0,44.0,44.0,0.6,0.7
130,20211206,14,34.0,18.0,22.0,34.0,39.0,5.0,5.0,42.0,71.0,81.0,90.0,54.0,54.0,0.6,0.7
131,20211206,15,45.0,18.0,22.0,45.0,39.0,6.0,5.0,59.0,72.0,66.0,89.0,60.0,60.0,0.6,0.7
132,20211206,16,49.0,18.0,22.0,49.0,40.0,5.0,5.0,68.0,73.0,59.0,87.0,64.0,64.0,0.6,0.7
133,20211206,17,48.0,18.0,22.0,48.0,40.0,5.0,5.0,58.0,74.0,68.0,83.0,70.0,70.0,0.6,0.7
134,20211206,18,46.0,17.0,22.0,46.0,40.0,5.0,5.0,72.0,75.0,48.0,83.0,70.0,70.0,0.7,0.7
135,20211206,19,,,22.0,,40.0,,5.0,,75.0,,38.0,,36.0,,0.7
136,20211206,20,52.0,19.0,22.0,46.0,40.0,5.0,5.0,103.0,77.0,15.0,83.0,57.0,70.0,0.7,0.7
137,20211206,21,57.0,22.0,22.0,54.0,40.0,5.0,5.0,114.0,77.0,5.0,83.0,47.0,70.0,0.8,0.7
138,20211206,22,58.0,23.0,21.0,52.0,40.0,5.0,5.0,115.0,78.0,4.0,83.0,38.0,70.0,0.8,0.7
139,20211206,23,61.0,28.0,21.0,51.0,40.0,5.0,5.0,122.0,80.0,4.0,83.0,30.0,70.0,0.9,0.7
140,20211207,0,58.0,33.0,21.0,55.0,40.0,5.0,5.0,115.0,81.0,5.0,83.0,23.0,70.0,1.3,0.7
141,20211207,1,57.0,40.0,22.0,62.0,41.0,6.0,5.0,111.0,82.0,5.0,83.0,5.0,5.0,1.2,0.8
142,20211207,2,59.0,41.0,23.0,68.0,43.0,7.0,6.0,118.0,83.0,5.0,83.0,5.0,5.0,1.1,0.8
143,20211207,3,64.0,41.0,23.0,61.0,44.0,9.0,6.0,128.0,85.0,5.0,83.0,5.0,5.0,0.9,0.8
144,20211207,4,56.0,36.0,24.0,50.0,45.0,7.0,6.0,111.0,85.0,5.0,83.0,5.0,5.0,0.8,0.8
145,20211207,5,57.0,32.0,24.0,44.0,45.0,6.0,6.0,113.0,86.0,4.0,83.0,5.0,5.0,0.8,0.8
146,20211207,6,54.0,32.0,24.0,41.0,45.0,6.0,6.0,107.0,86.0,6.0,83.0,5.0,5.0,0.8,0.8
147,20211207,7,55.0,33.0,25.0,41.0,46.0,6.0,6.0,109.0,87.0,4.0,83.0,5.0,5.0,0.9,0.8
148,20211207,8,48.0,33.0,25.0,46.0,47.0,6.0,6.0,92.0,88.0,17.0,83.0,6.0,6.0,0.9,0.8
149,20211207,9,55.0,39.0,26.0,54.0,47.0,6.0,6.0,59.0,87.0,64.0,83.0,14.0,14.0,0.9,0.8
150,20211207,10,79.0,58.0,28.0,69.0,49.0,7.0,6.0,48.0,86.0,100.0,100.0,26.0,26.0,0.9,0.8
151,20211207,11,89.0,66.0,30.0,66.0,50.0,8.0,6.0,44.0,86.0,118.0,118.0,40.0,40.0,0.9,0.8
152,20211207,12,87.0,64.0,32.0,69.0,51.0,8.0,6.0,43.0,86.0,120.0,120.0,54.0,54.0,0.9,0.8
153,20211207,13,100.0,75.0,34.0,77.0,53.0,10.0,6.0,37.0,86.0,126.0,126.0,69.0,69.0,1.0,0.8
154,20211207,14,104.0,78.0,37.0,77.0,55.0,9.0,6.0,33.0,86.0,128.0,128.0,85.0,85.0,0.9,0.9
155,20211207,15,92.0,68.0,39.0,70.0,56.0,8.0,6.0,31.0,85.0,124.0,128.0,100.0,100.0,0.9,0.9
156,20211207,16,70.0,51.0,40.0,63.0,56.0,7.0,6.0,31.0,83.0,123.0,128.0,113.0,113.0,0.8,0.9
157,20211207,17,,,,,,,,,,,,,,,
158,20211207,18,68.0,49.0,42.0,65.0,58.0,6.0,7.0,40.0,83.0,105.0,128.0,121.0,121.0,0.9,0.9
159,20211207,19,74.0,54.0,44.0,73.0,59.0,6.0,7.0,49.0,79.0,92.0,128.0,117.0,121.0,1.0,0.9
160,20211207,20,87.0,64.0,46.0,86.0,61.0,6.0,7.0,55.0,77.0,82.0,128.0,113.0,121.0,1.0,0.9
161,20211207,21,93.0,69.0,48.0,94.0,62.0,6.0,7.0,64.0,75.0,66.0,128.0,105.0,121.0,1.1,0.9
162,20211207,22,94.0,70.0,50.0,94.0,64.0,5.0,7.0,69.0,73.0,58.0,128.0,96.0,121.0,1.1,0.9
163,20211207,23,92.0,68.0,52.0,88.0,66.0,5.0,7.0,57.0,71.0,65.0,128.0,89.0,121.0,1.1,1.0
164,20211208,0,85.0,63.0,53.0,78.0,67.0,5.0,7.0,51.0,68.0,63.0,128.0,82.0,121.0,1.0,0.9
165,20211208,1,75.0,55.0,54.0,67.0,67.0,5.0,7.0,51.0,65.0,64.0,128.0,64.0,64.0,0.9,0.9
166,20211208,2,67.0,48.0,54.0,62.0,66.0,5.0,7.0,45.0,62.0,71.0,128.0,68.0,68.0,0.9,0.9
167,20211208,3,64.0,46.0,54.0,59.0,66.0,5.0,6.0,49.0,59.0,66.0,128.0,67.0,68.0,0.8,0.9
168,20211208,4,60.0,43.0,54.0,58.0,67.0,6.0,6.0,58.0,57.0,52.0,128.0,63.0,68.0,0.8,0.9
169,20211208,5,60.0,43.0,55.0,57.0,67.0,5.0,6.0,50.0,54.0,57.0,128.0,62.0,68.0,0.8,0.9
170,20211208,6,60.0,43.0,55.0,58.0,68.0,5.0,6.0,48.0,52.0,57.0,128.0,61.0,68.0,0.9,0.9
171,20211208,7,55.0,39.0,56.0,58.0,69.0,5.0,6.0,75.0,50.0,34.0,128.0,57.0,68.0,0.9,0.9
172,20211208,8,57.0,39.0,56.0,63.0,69.0,6.0,6.0,75.0,50.0,39.0,128.0,55.0,68.0,1.0,0.9
173,20211208,9,58.0,41.0,56.0,66.0,70.0,6.0,6.0,51.0,49.0,61.0,128.0,55.0,68.0,0.9,0.9
174,20211208,10,58.0,38.0,55.0,65.0,70.0,5.0,6.0,40.0,49.0,74.0,128.0,55.0,68.0,0.9,0.9
175,20211208,11,55.0,38.0,54.0,60.0,70.0,5.0,6.0,32.0,49.0,87.0,128.0,58.0,68.0,0.8,0.9
176,20211208,12,54.0,32.0,53.0,57.0,69.0,5.0,6.0,32.0,48.0,91.0,128.0,62.0,68.0,0.7,0.9
177,20211208,13,52.0,28.0,51.0,53.0,68.0,5.0,6.0,32.0,48.0,93.0,128.0,67.0,68.0,0.7,0.9
178,20211208,14,52.0,28.0,49.0,53.0,67.0,5.0,6.0,34.0,48.0,92.0,124.0,71.0,71.0,0.7,0.9
179,20211208,15,49.0,24.0,47.0,49.0,66.0,5.0,5.0,32.0,48.0,93.0,123.0,79.0,79.0,0.7,0.9
180,20211208,16,48.0,24.0,46.0,48.0,66.0,5.0,5.0,40.0,48.0,84.0,121.0,84.0,84.0,0.7,0.9
181,20211208,17,48.0,21.0,44.0,48.0,65.0,5.0,5.0,57.0,49.0,63.0,105.0,85.0,85.0,0.8,0.9
182,20211208,18,53.0,21.0,43.0,55.0,65.0,5.0,5.0,88.0,51.0,28.0,93.0,79.0,85.0,0.8,0.9
183,20211208,19,58.0,21.0,42.0,65.0,64.0,5.0,5.0,94.0,53.0,22.0,93.0,71.0,85.0,0.8,0.9
184,20211208,20,56.0,22.0,40.0,62.0,63.0,5.0,5.0,80.0,54.0,37.0,93.0,64.0,85.0,0.8,0.9
185,20211208,21,54.0,24.0,38.0,58.0,62.0,5.0,5.0,88.0,55.0,28.0,93.0,56.0,85.0,0.9,0.8
186,20211208,22,56.0,25.0,36.0,62.0,60.0,5.0,5.0,98.0,57.0,16.0,93.0,46.0,85.0,0.9,0.8
187,20211208,23,64.0,32.0,35.0,78.0,60.0,6.0,5.0,111.0,59.0,6.0,93.0,36.0,85.0,0.9,0.8
188,20211209,0,66.0,36.0,34.0,82.0,60.0,5.0,5.0,114.0,61.0,5.0,93.0,26.0,85.0,1.0,0.8
189,20211209,1,58.0,36.0,33.0,66.0,60.0,5.0,5.0,109.0,64.0,6.0,93.0,6.0,6.0,1.0,0.8
190,20211209,2,63.0,37.0,33.0,76.0,61.0,6.0,5.0,115.0,67.0,5.0,93.0,6.0,6.0,1.1,0.8
191,20211209,3,64.0,42.0,32.0,78.0,61.0,6.0,5.0,108.0,69.0,5.0,93.0,5.0,6.0,1.1,0.9
192,20211209,4,66.0,44.0,32.0,82.0,62.0,7.0,5.0,115.0,72.0,5.0,93.0,5.0,6.0,1.1,0.9
193,20211209,5,70.0,48.0,33.0,89.0,64.0,7.0,5.0,113.0,74.0,5.0,93.0,5.0,6.0,1.0,0.9
194,20211209,6,77.0,56.0,33.0,91.0,65.0,7.0,5.0,115.0,77.0,4.0,93.0,5.0,6.0,1.0,0.9
195,20211209,7,74.0,54.0,34.0,84.0,66.0,6.0,6.0,113.0,79.0,4.0,93.0,5.0,6.0,1.0,0.9
196,20211209,8,62.0,38.0,34.0,73.0,67.0,7.0,6.0,115.0,80.0,5.0,93.0,5.0,6.0,1.2,0.9
197,20211209,9,66.0,40.0,34.0,82.0,67.0,7.0,6.0,104.0,82.0,10.0,93.0,5.0,6.0,1.0,0.9
198,20211209,10,72.0,45.0,34.0,94.0,69.0,6.0,6.0,102.0,85.0,17.0,93.0,7.0,7.0,1.0,0.9
199,20211209,11,67.0,44.0,34.0,84.0,70.0,6.0,6.0,94.0,88.0,26.0,93.0,10.0,10.0,1.0,0.9
200,20211209,12,59.0,35.0,34.0,68.0,70.0,6.0,6.0,84.0,90.0,37.0,93.0,14.0,14.0,0.9,0.9
201,20211209,13,55.0,31.0,34.0,60.0,70.0,7.0,6.0,65.0,91.0,63.0,93.0,21.0,21.0,0.9,0.9
202,20211209,14,58.0,34.0,35.0,65.0,71.0,8.0,6.0,71.0,93.0,60.0,93.0,28.0,28.0,0.9,0.9
203,20211209,15,58.0,34.0,35.0,65.0,71.0,6.0,6.0,70.0,94.0,65.0,84.0,35.0,35.0,0.9,0.9
204,20211209,16,56.0,35.0,36.0,61.0,72.0,6.0,6.0,62.0,95.0,74.0,74.0,44.0,44.0,0.9,1.0
205,20211209,17,60.0,37.0,36.0,69.0,73.0,6.0,6.0,76.0,96.0,56.0,74.0,50.0,50.0,1.0,1.0
206,20211209,18,70.0,46.0,37.0,89.0,74.0,6.0,6.0,97.0,96.0,29.0,74.0,51.0,51.0,1.1,1.0
207,20211209,19,75.0,54.0,39.0,99.0,76.0,6.0,6.0,106.0,97.0,18.0,74.0,50.0,51.0,1.2,1.0
208,20211209,20,77.0,55.0,40.0,104.0,77.0,6.0,6.0,115.0,98.0,12.0,74.0,47.0,51.0,1.2,1.0
209,20211209,21,87.0,64.0,42.0,106.0,79.0,6.0,6.0,122.0,100.0,7.0,74.0,40.0,51.0,1.2,1.0
210,20211209,22,94.0,70.0,44.0,113.0,82.0,6.0,6.0,123.0,101.0,6.0,74.0,33.0,51.0,1.3,1.0
211,20211209,23,104.0,78.0,46.0,120.0,83.0,7.0,6.0,122.0,101.0,5.0,74.0,26.0,51.0,1.3,1.1
212,20211210,0,119.0,90.0,48.0,125.0,85.0,7.0,6.0,120.0,102.0,5.0,74.0,17.0,51.0,1.4,1.1
213,20211210,1,127.0,96.0,50.0,125.0,88.0,7.0,6.0,115.0,102.0,6.0,74.0,6.0,6.0,1.4,1.1
214,20211210,2,129.0,98.0,53.0,125.0,90.0,7.0,6.0,113.0,102.0,5.0,74.0,6.0,6.0,1.5,1.1
215,20211210,3,137.0,104.0,55.0,123.0,92.0,8.0,7.0,107.0,102.0,6.0,74.0,6.0,6.0,1.4,1.1
216,20211210,4,143.0,109.0,58.0,119.0,93.0,8.0,7.0,105.0,101.0,5.0,74.0,6.0,6.0,1.3,1.1
217,20211210,5,155.0,118.0,61.0,116.0,94.0,8.0,7.0,104.0,101.0,5.0,74.0,5.0,6.0,1.4,1.1
218,20211210,6,160.0,122.0,64.0,118.0,95.0,8.0,7.0,107.0,100.0,5.0,74.0,5.0,6.0,1.6,1.2
219,20211210,7,166.0,126.0,67.0,132.0,97.0,9.0,7.0,115.0,101.0,5.0,74.0,5.0,6.0,1.8,1.2
220,20211210,8,168.0,127.0,70.0,141.0,100.0,9.0,7.0,120.0,101.0,5.0,74.0,5.0,6.0,1.9,1.2
221,20211210,9,160.0,122.0,74.0,149.0,103.0,9.0,7.0,114.0,101.0,15.0,74.0,6.0,6.0,1.5,1.2
222,20211210,10,145.0,111.0,77.0,125.0,104.0,8.0,7.0,86.0,101.0,55.0,74.0,13.0,13.0,1.3,1.3
223,20211210,11,134.0,102.0,79.0,101.0,105.0,9.0,7.0,50.0,99.0,98.0,98.0,24.0,24.0,1.2,1.3
224,20211210,12,129.0,98.0,82.0,97.0,106.0,10.0,7.0,50.0,97.0,102.0,102.0,36.0,36.0,1.4,1.3
225,20211210,13,137.0,104.0,85.0,98.0,108.0,13.0,8.0,49.0,97.0,114.0,114.0,50.0,50.0,1.6,1.3
226,20211210,14,142.0,108.0,88.0,103.0,109.0,12.0,8.0,48.0,96.0,124.0,124.0,65.0,65.0,1.5,1.3
227,20211210,15,148.0,113.0,91.0,115.0,111.0,11.0,8.0,48.0,95.0,134.0,134.0,81.0,81.0,1.3,1.4
228,20211210,16,144.0,110.0,94.0,111.0,113.0,12.0,8.0,46.0,94.0,135.0,135.0,97.0,97.0,1.0,1.4
229,20211210,17,142.0,108.0,97.0,105.0,115.0,13.0,9.0,55.0,93.0,120.0,135.0,110.0,110.0,1.1,1.4
230,20211210,18,138.0,105.0,100.0,109.0,116.0,7.0,9.0,75.0,92.0,74.0,135.0,113.0,113.0,1.1,1.4
231,20211210,19,139.0,106.0,102.0,102.0,116.0,6.0,9.0,78.0,91.0,65.0,135.0,108.0,113.0,1.1,1.4
232,20211210,20,148.0,113.0,104.0,97.0,116.0,6.0,9.0,82.0,90.0,51.0,135.0,102.0,113.0,1.1,1.4
233,20211210,21,143.0,109.0,106.0,86.0,115.0,5.0,9.0,62.0,87.0,67.0,135.0,96.0,113.0,1.0,1.4
234,20211210,22,127.0,96.0,107.0,77.0,113.0,6.0,9.0,95.0,86.0,31.0,135.0,85.0,113.0,1.1,1.3
235,20211210,23,112.0,84.0,107.0,76.0,111.0,5.0,8.0,89.0,85.0,36.0,135.0,72.0,113.0,1.1,1.3
236,20211211,0,107.0,80.0,107.0,76.0,109.0,6.0,8.0,99.0,84.0,25.0,135.0,59.0,113.0,1.1,1.3
237,20211211,1,104.0,78.0,106.0,75.0,107.0,5.0,8.0,98.0,83.0,22.0,135.0,22.0,22.0,1.1,1.3
238,20211211,2,112.0,84.0,106.0,75.0,105.0,5.0,8.0,108.0,83.0,9.0,135.0,16.0,22.0,1.0,1.3
239,20211211,3,109.0,82.0,105.0,73.0,103.0,6.0,8.0,122.0,84.0,5.0,135.0,12.0,22.0,1.0,1.3
240,20211211,4,109.0,82.0,104.0,71.0,101.0,7.0,8.0,126.0,84.0,4.0,135.0,10.0,22.0,1.0,1.3
241,20211211,5,110.0,83.0,102.0,75.0,99.0,6.0,8.0,111.0,85.0,4.0,135.0,9.0,22.0,1.0,1.2
242,20211211,6,109.0,82.0,101.0,82.0,98.0,6.0,8.0,107.0,85.0,4.0,135.0,8.0,22.0,1.1,1.2
243,20211211,7,109.0,82.0,99.0,74.0,96.0,6.0,8.0,104.0,84.0,7.0,135.0,8.0,22.0,1.0,1.2
244,20211211,8,95.0,71.0,96.0,66.0,92.0,6.0,8.0,85.0,83.0,27.0,135.0,10.0,22.0,1.0,1.2
245,20211211,9,92.0,68.0,94.0,75.0,89.0,6.0,8.0,57.0,80.0,64.0,135.0,16.0,22.0,1.0,1.1
246,20211211,10,89.0,66.0,92.0,87.0,88.0,6.0,8.0,45.0,79.0,83.0,135.0,25.0,25.0,1.0,1.1
247,20211211,11,83.0,61.0,91.0,85.0,87.0,6.0,7.0,42.0,78.0,91.0,135.0,36.0,36.0,0.9,1.1
248,20211211,12,74.0,54.0,89.0,72.0,86.0,6.0,7.0,32.0,78.0,104.0,135.0,48.0,48.0,0.8,1.1
249,20211211,13,62.0,44.0,86.0,62.0,85.0,6.0,7.0,29.0,77.0,112.0,135.0,62.0,62.0,0.8,1.1
250,20211211,14,59.0,42.0,83.0,61.0,83.0,5.0,7.0,33.0,76.0,112.0,135.0,75.0,75.0,0.8,1.0
251,20211211,15,64.0,45.0,81.0,77.0,81.0,5.0,6.0,41.0,76.0,109.0,135.0,88.0,88.0,0.8,1.0
252,20211211,16,67.0,48.0,78.0,83.0,80.0,5.0,6.0,50.0,76.0,102.0,120.0,97.0,97.0,0.8,1.0
253,20211211,17,68.0,48.0,76.0,85.0,79.0,5.0,6.0,60.0,76.0,90.0,112.0,100.0,100.0,0.9,1.0
254,20211211,18,73.0,52.0,73.0,96.0,79.0,6.0,6.0,66.0,76.0,77.0,112.0,100.0,100.0,1.0,1.0
255,20211211,19,77.0,56.0,71.0,97.0,78.0,6.0,6.0,69.0,76.0,71.0,112.0,97.0,100.0,1.0,1.0
256,20211211,20,,,69.0,,78.0,6.0,6.0,51.0,74.0,,112.0,96.0,100.0,0.9,1.0
257,20211211,22,81.0,58.0,66.0,111.0,79.0,6.0,6.0,44.0,71.0,94.0,112.0,92.0,100.0,1.0,1.0
258,20211211,23,82.0,60.0,65.0,104.0,80.0,6.0,6.0,38.0,69.0,99.0,112.0,90.0,100.0,1.0,1.0
259,20211212,0,87.0,64.0,64.0,100.0,81.0,6.0,6.0,43.0,67.0,88.0,112.0,88.0,100.0,1.1,1.0
260,20211212,1,89.0,66.0,64.0,91.0,82.0,6.0,6.0,40.0,64.0,90.0,112.0,90.0,90.0,1.0,1.0
261,20211212,2,87.0,64.0,63.0,82.0,82.0,6.0,6.0,35.0,61.0,94.0,112.0,92.0,92.0,1.0,1.0
262,20211212,3,94.0,70.0,62.0,86.0,83.0,5.0,6.0,27.0,57.0,101.0,112.0,95.0,95.0,1.0,1.0
263,20211212,4,94.0,70.0,62.0,92.0,84.0,6.0,6.0,26.0,53.0,99.0,112.0,96.0,96.0,1.1,1.0
264,20211212,5,109.0,82.0,62.0,111.0,85.0,6.0,6.0,26.0,50.0,94.0,112.0,96.0,96.0,1.1,1.0
265,20211212,6,104.0,78.0,61.0,103.0,86.0,6.0,6.0,25.0,46.0,85.0,112.0,94.0,96.0,0.9,1.0
266,20211212,7,54.0,36.0,59.0,57.0,86.0,5.0,6.0,26.0,43.0,74.0,112.0,91.0,96.0,0.8,0.9
267,20211212,8,53.0,37.0,58.0,43.0,85.0,5.0,6.0,29.0,41.0,63.0,112.0,88.0,96.0,0.9,0.9
268,20211212,9,52.0,36.0,56.0,39.0,83.0,5.0,6.0,35.0,40.0,57.0,112.0,83.0,96.0,0.9,0.9
269,20211212,10,48.0,33.0,55.0,38.0,81.0,6.0,6.0,37.0,39.0,59.0,112.0,79.0,96.0,0.9,0.9
270,20211212,11,48.0,33.0,53.0,39.0,79.0,5.0,6.0,40.0,39.0,55.0,112.0,73.0,96.0,1.0,0.9
271,20211212,12,59.0,42.0,53.0,41.0,77.0,5.0,6.0,43.0,40.0,50.0,112.0,67.0,96.0,1.1,0.9
272,20211212,13,72.0,52.0,53.0,47.0,76.0,5.0,6.0,40.0,40.0,48.0,112.0,61.0,96.0,1.1,1.0
273,20211212,14,99.0,74.0,55.0,63.0,77.0,5.0,6.0,48.0,41.0,41.0,109.0,56.0,96.0,1.3,1.0
274,20211212,15,124.0,94.0,57.0,76.0,77.0,5.0,6.0,47.0,41.0,42.0,102.0,52.0,96.0,1.4,1.0
275,20211212,16,127.0,96.0,59.0,74.0,76.0,5.0,6.0,47.0,41.0,40.0,101.0,49.0,96.0,1.2,1.0
276,20211212,17,97.0,72.0,60.0,63.0,75.0,5.0,6.0,48.0,40.0,38.0,101.0,47.0,96.0,1.1,1.0
277,20211212,18,73.0,53.0,60.0,55.0,73.0,5.0,6.0,33.0,39.0,60.0,101.0,47.0,96.0,1.0,1.0
278,20211212,19,54.0,33.0,59.0,58.0,72.0,6.0,6.0,30.0,37.0,62.0,101.0,48.0,96.0,1.0,1.0
279,20211212,20,55.0,27.0,58.0,60.0,71.0,5.0,5.0,26.0,36.0,67.0,101.0,50.0,96.0,0.9,1.0
280,20211212,21,52.0,23.0,56.0,54.0,70.0,5.0,5.0,28.0,36.0,66.0,101.0,52.0,96.0,0.8,1.0
281,20211212,22,49.0,19.0,55.0,49.0,68.0,5.0,5.0,25.0,35.0,70.0,101.0,56.0,96.0,0.8,1.0
282,20211212,23,44.0,14.0,53.0,44.0,65.0,5.0,5.0,23.0,34.0,71.0,101.0,59.0,96.0,0.7,1.0
283,20211213,0,43.0,15.0,51.0,43.0,63.0,5.0,5.0,20.0,34.0,73.0,101.0,63.0,88.0,0.7,1.0
284,20211213,1,42.0,15.0,49.0,42.0,61.0,5.0,5.0,20.0,33.0,72.0,101.0,72.0,72.0,0.7,1.0
285,20211213,2,41.0,13.0,47.0,41.0,59.0,5.0,5.0,21.0,32.0,70.0,101.0,71.0,72.0,0.7,1.0
286,20211213,3,39.0,15.0,44.0,39.0,57.0,5.0,5.0,26.0,32.0,63.0,99.0,68.0,72.0,0.7,0.9
287,20211213,4,38.0,14.0,42.0,38.0,55.0,5.0,5.0,30.0,32.0,59.0,94.0,66.0,72.0,0.7,0.9
288,20211213,5,38.0,14.0,39.0,38.0,52.0,5.0,5.0,35.0,33.0,51.0,85.0,63.0,72.0,0.7,0.9
289,20211213,6,35.0,12.0,36.0,35.0,49.0,5.0,5.0,37.0,33.0,50.0,74.0,61.0,72.0,0.7,0.9
290,20211213,7,32.0,8.0,35.0,32.0,48.0,5.0,5.0,51.0,34.0,38.0,73.0,58.0,72.0,0.7,0.9
291,20211213,8,36.0,7.0,34.0,36.0,48.0,6.0,5.0,52.0,35.0,36.0,73.0,55.0,72.0,0.8,0.9
292,20211213,9,40.0,11.0,33.0,40.0,48.0,6.0,5.0,40.0,35.0,48.0,73.0,52.0,72.0,0.8,0.9
293,20211213,10,38.0,14.0,32.0,38.0,48.0,5.0,5.0,32.0,35.0,59.0,73.0,50.0,72.0,0.8,0.9
294,20211213,11,35.0,13.0,31.0,35.0,48.0,5.0,5.0,28.0,35.0,66.0,73.0,51.0,72.0,0.7,0.9
295,20211213,12,38.0,15.0,30.0,38.0,47.0,7.0,5.0,36.0,34.0,61.0,73.0,51.0,72.0,1.0,0.9
296,20211213,13,45.0,21.0,29.0,45.0,47.0,10.0,5.0,38.0,34.0,65.0,73.0,53.0,72.0,1.1,0.9
297,20211213,14,51.0,30.0,27.0,51.0,47.0,10.0,6.0,42.0,34.0,65.0,73.0,55.0,72.0,1.0,0.9
298,20211213,15,52.0,32.0,24.0,53.0,46.0,10.0,6.0,44.0,34.0,66.0,73.0,58.0,72.0,1.1,0.8
299,20211213,16,51.0,32.0,22.0,52.0,45.0,10.0,6.0,43.0,34.0,72.0,73.0,63.0,72.0,1.0,0.8
300,20211213,17,48.0,32.0,20.0,48.0,44.0,8.0,6.0,44.0,34.0,71.0,73.0,66.0,72.0,0.9,0.8
301,20211213,18,45.0,29.0,19.0,45.0,44.0,7.0,6.0,46.0,34.0,65.0,73.0,66.0,72.0,0.9,0.8
302,20211213,19,50.0,31.0,19.0,50.0,44.0,6.0,6.0,62.0,35.0,45.0,73.0,64.0,72.0,0.8,0.8
303,20211213,20,56.0,30.0,19.0,61.0,44.0,6.0,6.0,77.0,38.0,25.0,73.0,59.0,72.0,0.8,0.8
304,20211213,21,54.0,31.0,19.0,57.0,44.0,6.0,6.0,80.0,40.0,20.0,73.0,54.0,72.0,0.8,0.8
305,20211213,22,54.0,29.0,20.0,57.0,44.0,6.0,6.0,93.0,42.0,6.0,73.0,46.0,72.0,0.8,0.8
306,20211213,23,53.0,29.0,20.0,55.0,45.0,6.0,6.0,96.0,46.0,5.0,73.0,39.0,72.0,0.9,0.8
307,20211214,0,52.0,30.0,21.0,54.0,45.0,6.0,6.0,93.0,49.0,11.0,72.0,31.0,66.0,0.8,0.8
308,20211214,1,47.0,28.0,22.0,47.0,45.0,6.0,6.0,94.0,52.0,10.0,72.0,10.0,10.0,0.8,0.8
309,20211214,2,47.0,31.0,22.0,47.0,45.0,6.0,7.0,89.0,54.0,6.0,72.0,8.0,10.0,0.9,0.8
310,20211214,3,45.0,30.0,23.0,45.0,46.0,6.0,7.0,88.0,57.0,7.0,72.0,8.0,10.0,0.8,0.8
311,20211214,4,41.0,28.0,24.0,41.0,46.0,5.0,7.0,78.0,59.0,20.0,72.0,11.0,11.0,0.8,0.9
312,20211214,5,44.0,27.0,24.0,37.0,46.0,6.0,7.0,88.0,61.0,11.0,72.0,11.0,11.0,0.8,0.9
313,20211214,6,45.0,23.0,25.0,36.0,46.0,6.0,7.0,89.0,63.0,11.0,72.0,11.0,11.0,0.8,0.9
314,20211214,7,49.0,27.0,25.0,40.0,46.0,6.0,7.0,98.0,65.0,6.0,72.0,10.0,11.0,1.1,0.9
315,20211214,8,46.0,27.0,26.0,46.0,47.0,6.0,7.0,90.0,67.0,7.0,72.0,10.0,11.0,1.0,0.9
316,20211214,9,58.0,32.0,27.0,65.0,48.0,6.0,7.0,90.0,69.0,8.0,72.0,10.0,11.0,1.0,0.9
317,20211214,10,64.0,31.0,28.0,77.0,49.0,6.0,7.0,86.0,71.0,11.0,72.0,10.0,11.0,1.0,0.9
318,20211214,11,72.0,32.0,29.0,94.0,52.0,6.0,7.0,86.0,74.0,12.0,72.0,11.0,11.0,0.9,0.9
319,20211214,12,70.0,34.0,29.0,89.0,54.0,6.0,7.0,83.0,76.0,12.0,72.0,10.0,11.0,0.9,0.9
320,20211214,13,62.0,36.0,30.0,74.0,55.0,6.0,7.0,73.0,77.0,22.0,72.0,11.0,11.0,0.9,0.9
321,20211214,14,60.0,40.0,30.0,69.0,56.0,8.0,6.0,74.0,78.0,27.0,72.0,13.0,13.0,1.0,0.9
322,20211214,15,65.0,45.0,31.0,79.0,57.0,8.0,6.0,67.0,79.0,43.0,72.0,18.0,18.0,1.1,0.9
323,20211214,16,68.0,49.0,32.0,81.0,58.0,7.0,6.0,77.0,81.0,34.0,71.0,21.0,21.0,1.0,0.9
324,20211214,17,73.0,53.0,33.0,85.0,60.0,6.0,6.0,94.0,83.0,21.0,65.0,23.0,23.0,1.0,0.9
325,20211214,18,74.0,54.0,34.0,97.0,62.0,6.0,6.0,102.0,85.0,9.0,45.0,22.0,23.0,1.1,0.9
326,20211214,19,83.0,61.0,35.0,108.0,64.0,8.0,6.0,103.0,87.0,6.0,43.0,22.0,23.0,1.2,0.9
327,20211214,20,94.0,70.0,37.0,118.0,67.0,9.0,6.0,103.0,88.0,7.0,43.0,21.0,23.0,1.2,0.9
328,20211214,21,90.0,67.0,38.0,115.0,69.0,11.0,7.0,106.0,89.0,7.0,43.0,19.0,23.0,1.3,1.0
329,20211214,22,102.0,76.0,40.0,134.0,72.0,10.0,7.0,109.0,90.0,7.0,43.0,17.0,23.0,1.4,1.0
330,20211214,23,103.0,77.0,42.0,129.0,75.0,9.0,7.0,106.0,90.0,7.0,43.0,12.0,23.0,1.4,1.0
331,20211215,0,103.0,77.0,44.0,118.0,78.0,9.0,7.0,106.0,91.0,7.0,43.0,9.0,23.0,1.6,1.0
332,20211215,1,103.0,77.0,46.0,116.0,81.0,11.0,7.0,112.0,92.0,8.0,43.0,8.0,8.0,1.7,1.1
333,20211215,2,109.0,82.0,48.0,119.0,84.0,10.0,7.0,103.0,92.0,8.0,43.0,8.0,8.0,1.8,1.1
334,20211215,3,108.0,81.0,50.0,109.0,86.0,9.0,8.0,93.0,92.0,9.0,43.0,8.0,8.0,1.8,1.2
335,20211215,4,109.0,82.0,52.0,100.0,89.0,10.0,8.0,98.0,93.0,8.0,43.0,8.0,8.0,1.8,1.2
336,20211215,5,104.0,78.0,55.0,95.0,91.0,10.0,8.0,101.0,94.0,7.0,43.0,8.0,8.0,1.8,1.2
337,20211215,6,100.0,75.0,57.0,92.0,94.0,9.0,8.0,96.0,94.0,7.0,43.0,8.0,8.0,1.6,1.3
338,20211215,7,100.0,75.0,59.0,87.0,96.0,8.0,8.0,90.0,94.0,8.0,43.0,8.0,8.0,1.8,1.3
339,20211215,8,102.0,76.0,61.0,91.0,98.0,8.0,8.0,96.0,94.0,9.0,43.0,8.0,8.0,2.0,1.3
340,20211215,9,110.0,83.0,63.0,115.0,100.0,10.0,8.0,100.0,94.0,7.0,43.0,8.0,8.0,1.8,1.4
341,20211215,10,110.0,83.0,65.0,131.0,102.0,7.0,8.0,94.0,95.0,11.0,43.0,8.0,8.0,1.4,1.4
342,20211215,11,93.0,69.0,67.0,97.0,102.0,6.0,8.0,91.0,95.0,14.0,43.0,9.0,9.0,1.3,1.4
343,20211215,12,90.0,67.0,68.0,87.0,102.0,6.0,8.0,86.0,95.0,16.0,43.0,10.0,10.0,1.3,1.4
344,20211215,13,84.0,62.0,69.0,77.0,102.0,6.0,8.0,78.0,95.0,25.0,43.0,12.0,12.0,1.2,1.4
345,20211215,14,79.0,58.0,70.0,69.0,102.0,7.0,8.0,88.0,96.0,15.0,43.0,13.0,13.0,1.2,1.4
346,20211215,15,69.0,50.0,70.0,51.0,101.0,7.0,8.0,85.0,97.0,21.0,34.0,15.0,15.0,1.1,1.5
347,20211215,16,60.0,43.0,70.0,40.0,99.0,7.0,8.0,74.0,96.0,35.0,35.0,18.0,18.0,1.1,1.5
348,20211215,17,49.0,34.0,69.0,35.0,97.0,6.0,8.0,72.0,96.0,38.0,38.0,22.0,22.0,1.1,1.5
349,20211215,18,43.0,30.0,68.0,37.0,95.0,6.0,8.0,77.0,94.0,35.0,38.0,25.0,25.0,1.2,1.5
350,20211215,19,51.0,32.0,67.0,43.0,92.0,6.0,8.0,101.0,94.0,23.0,38.0,26.0,26.0,1.2,1.5
351,20211215,20,51.0,34.0,65.0,50.0,89.0,6.0,8.0,102.0,94.0,19.0,38.0,26.0,26.0,1.2,1.5
352,20211215,21,50.0,35.0,64.0,43.0,86.0,6.0,8.0,88.0,94.0,27.0,38.0,27.0,27.0,1.1,1.5
353,20211215,22,48.0,33.0,62.0,37.0,82.0,6.0,8.0,82.0,92.0,28.0,38.0,28.0,28.0,1.1,1.4
354,20211215,23,48.0,33.0,60.0,32.0,78.0,5.0,8.0,76.0,91.0,28.0,38.0,29.0,29.0,1.1,1.4
355,20211216,0,49.0,34.0,59.0,26.0,74.0,6.0,7.0,82.0,90.0,15.0,38.0,27.0,29.0,1.1,1.4
356,20211216,1,54.0,38.0,57.0,28.0,70.0,5.0,7.0,82.0,89.0,12.0,38.0,12.0,12.0,1.2,1.4
357,20211216,2,49.0,34.0,55.0,28.0,67.0,5.0,7.0,85.0,88.0,5.0,38.0,8.0,12.0,1.2,1.4
358,20211216,3,54.0,38.0,53.0,29.0,63.0,5.0,7.0,82.0,88.0,6.0,38.0,8.0,12.0,1.2,1.3
359,20211216,4,55.0,39.0,51.0,27.0,60.0,5.0,7.0,84.0,87.0,5.0,38.0,7.0,12.0,1.2,1.3
360,20211216,5,52.0,36.0,50.0,32.0,58.0,5.0,6.0,74.0,86.0,10.0,38.0,8.0,12.0,1.1,1.3
361,20211216,6,54.0,38.0,48.0,34.0,55.0,5.0,6.0,41.0,84.0,54.0,54.0,15.0,15.0,1.0,1.3
362,20211216,7,35.0,24.0,46.0,18.0,52.0,5.0,6.0,34.0,81.0,77.0,77.0,24.0,24.0,1.0,1.2
363,20211216,8,26.0,18.0,44.0,14.0,49.0,5.0,6.0,34.0,79.0,79.0,79.0,31.0,31.0,1.0,1.2
364,20211216,9,29.0,20.0,41.0,20.0,45.0,5.0,6.0,42.0,76.0,64.0,79.0,38.0,38.0,1.0,1.2
365,20211216,10,29.0,20.0,38.0,26.0,41.0,5.0,6.0,58.0,75.0,48.0,79.0,43.0,43.0,1.1,1.1
366,20211216,11,,20.0,36.0,30.0,38.0,,6.0,56.0,73.0,,79.0,48.0,48.0,1.1,1.1
367,20211216,12,,,35.0,,36.0,5.0,6.0,,73.0,56.0,79.0,55.0,55.0,,1.1
368,20211216,13,,,34.0,,34.0,5.0,6.0,44.0,71.0,53.0,79.0,62.0,62.0,,1.1
369,20211216,14,35.0,24.0,32.0,27.0,32.0,5.0,5.0,46.0,70.0,56.0,79.0,62.0,62.0,0.9,1.1
370,20211216,15,36.0,25.0,31.0,30.0,31.0,5.0,5.0,51.0,68.0,50.0,79.0,58.0,62.0,0.9,1.1
371,20211216,16,39.0,27.0,30.0,32.0,31.0,4.0,5.0,53.0,67.0,50.0,79.0,54.0,62.0,0.9,1.1
372,20211216,17,45.0,31.0,30.0,40.0,31.0,5.0,5.0,54.0,66.0,53.0,79.0,52.0,62.0,1.0,1.1
373,20211216,18,55.0,39.0,31.0,45.0,31.0,5.0,5.0,61.0,66.0,47.0,79.0,52.0,62.0,1.1,1.1
374,20211216,19,74.0,54.0,32.0,53.0,32.0,5.0,5.0,52.0,64.0,58.0,79.0,53.0,62.0,1.1,1.1
375,20211216,20,83.0,61.0,33.0,52.0,32.0,5.0,5.0,46.0,61.0,65.0,79.0,54.0,62.0,1.0,1.1
376,20211216,21,64.0,46.0,33.0,40.0,32.0,5.0,5.0,53.0,60.0,54.0,79.0,54.0,62.0,1.0,1.1
377,20211216,22,62.0,44.0,34.0,43.0,32.0,6.0,5.0,83.0,60.0,18.0,79.0,49.0,62.0,1.2,1.1
378,20211216,23,89.0,66.0,35.0,58.0,33.0,5.0,5.0,86.0,60.0,7.0,79.0,44.0,62.0,1.3,1.1
379,20211217,0,,,35.0,,34.0,,5.0,,59.0,,79.0,43.0,62.0,,1.1
380,20211217,1,,,35.0,,34.0,,5.0,,58.0,,44.0,,40.0,,1.1
381,20211217,2,196.0,147.0,43.0,118.0,40.0,6.0,5.0,35.0,56.0,78.0,79.0,78.0,78.0,1.4,1.1
382,20211217,3,226.0,176.0,52.0,148.0,48.0,6.0,5.0,37.0,53.0,65.0,84.0,76.0,84.0,1.4,1.1
383,20211217,4,232.0,182.0,59.0,149.0,53.0,6.0,5.0,38.0,51.0,47.0,84.0,68.0,84.0,1.3,1.1
384,20211217,5,153.0,117.0,62.0,102.0,56.0,5.0,5.0,31.0,49.0,50.0,84.0,65.0,84.0,1.0,1.1
385,20211217,6,64.0,46.0,63.0,75.0,58.0,6.0,5.0,33.0,49.0,45.0,84.0,62.0,84.0,0.9,1.1
386,20211217,7,62.0,33.0,63.0,74.0,61.0,5.0,5.0,39.0,49.0,43.0,84.0,59.0,84.0,0.8,1.1
387,20211217,8,,,65.0,,63.0,,5.0,,50.0,,52.0,,57.0,,1.1
388,20211217,9,66.0,21.0,65.0,81.0,66.0,5.0,5.0,39.0,50.0,49.0,84.0,54.0,84.0,0.9,1.1
389,20211217,10,69.0,20.0,65.0,87.0,69.0,5.0,5.0,35.0,48.0,55.0,84.0,51.0,84.0,0.8,1.1
390,20211217,11,77.0,26.0,66.0,103.0,72.0,6.0,5.0,33.0,47.0,59.0,84.0,50.0,84.0,0.8,1.1
391,20211217,12,86.0,26.0,64.0,122.0,75.0,7.0,5.0,31.0,47.0,64.0,84.0,52.0,84.0,0.9,1.1
392,20211217,13,84.0,24.0,62.0,117.0,76.0,6.0,5.0,30.0,46.0,68.0,84.0,55.0,84.0,0.8,1.0
393,20211217,14,86.0,24.0,62.0,122.0,81.0,7.0,5.0,32.0,46.0,70.0,84.0,58.0,84.0,0.8,1.0
394,20211217,15,83.0,26.0,62.0,115.0,84.0,6.0,6.0,32.0,45.0,71.0,84.0,62.0,84.0,0.8,1.0
395,20211217,16,79.0,24.0,62.0,107.0,88.0,6.0,6.0,29.0,44.0,72.0,84.0,64.0,84.0,0.7,1.0
396,20211217,17,74.0,27.0,62.0,98.0,90.0,5.0,6.0,32.0,43.0,65.0,84.0,66.0,84.0,0.7,1.0
397,20211217,18,67.0,26.0,61.0,84.0,92.0,5.0,6.0,34.0,42.0,59.0,84.0,66.0,84.0,0.7,1.0
398,20211217,19,60.0,21.0,60.0,70.0,93.0,5.0,6.0,30.0,41.0,62.0,84.0,66.0,84.0,0.7,1.0
399,20211217,20,56.0,17.0,58.0,61.0,93.0,5.0,6.0,31.0,40.0,60.0,84.0,66.0,84.0,0.7,1.0
400,20211217,21,54.0,18.0,57.0,57.0,94.0,5.0,6.0,30.0,39.0,58.0,84.0,65.0,84.0,0.7,1.0
401,20211217,22,53.0,17.0,55.0,55.0,94.0,5.0,6.0,33.0,37.0,54.0,84.0,63.0,84.0,0.7,0.9
402,20211217,23,51.0,12.0,53.0,52.0,94.0,5.0,6.0,31.0,34.0,55.0,84.0,61.0,84.0,0.7,0.9
403,20211218,0,48.0,16.0,50.0,48.0,93.0,5.0,6.0,28.0,33.0,58.0,84.0,59.0,66.0,0.7,0.9
404,20211218,1,44.0,13.0,46.0,44.0,91.0,6.0,6.0,33.0,33.0,52.0,78.0,52.0,52.0,0.8,0.9
405,20211218,2,45.0,13.0,40.0,45.0,88.0,6.0,6.0,37.0,33.0,44.0,72.0,48.0,52.0,0.7,0.8
406,20211218,3,46.0,15.0,33.0,46.0,83.0,5.0,6.0,36.0,33.0,43.0,72.0,46.0,52.0,0.7,0.8
407,20211218,4,47.0,15.0,26.0,47.0,79.0,5.0,5.0,36.0,33.0,43.0,72.0,46.0,52.0,0.6,0.8
408,20211218,5,45.0,13.0,21.0,45.0,76.0,5.0,5.0,42.0,33.0,37.0,72.0,44.0,52.0,0.7,0.8
409,20211218,6,47.0,14.0,20.0,47.0,75.0,6.0,5.0,49.0,34.0,29.0,72.0,41.0,52.0,1.0,0.8
410,20211218,7,51.0,17.0,19.0,52.0,74.0,7.0,6.0,53.0,35.0,25.0,72.0,39.0,52.0,1.2,0.8
411,20211218,8,52.0,15.0,19.0,53.0,73.0,8.0,6.0,51.0,35.0,27.0,72.0,38.0,52.0,1.3,0.8
412,20211218,9,52.0,15.0,19.0,53.0,72.0,6.0,6.0,45.0,36.0,37.0,72.0,36.0,52.0,0.9,0.8
413,20211218,10,50.0,16.0,19.0,50.0,71.0,5.0,6.0,44.0,36.0,45.0,72.0,36.0,52.0,0.8,0.8
414,20211218,11,45.0,15.0,18.0,45.0,68.0,5.0,6.0,41.0,36.0,52.0,72.0,37.0,52.0,0.7,0.8
415,20211218,12,35.0,13.0,18.0,35.0,64.0,5.0,6.0,37.0,36.0,58.0,72.0,39.0,52.0,0.7,0.8
416,20211218,13,29.0,12.0,17.0,29.0,61.0,6.0,6.0,36.0,37.0,61.0,72.0,42.0,52.0,0.7,0.8
417,20211218,14,39.0,15.0,17.0,39.0,57.0,6.0,6.0,41.0,37.0,57.0,72.0,45.0,52.0,0.7,0.8
418,20211218,15,46.0,22.0,17.0,46.0,54.0,6.0,6.0,45.0,38.0,55.0,72.0,49.0,52.0,0.7,0.8
419,20211218,16,53.0,21.0,17.0,56.0,52.0,6.0,6.0,50.0,39.0,51.0,65.0,52.0,52.0,0.8,0.8
420,20211218,17,58.0,28.0,17.0,66.0,51.0,7.0,6.0,67.0,40.0,34.0,62.0,52.0,52.0,0.8,0.8
421,20211218,18,64.0,36.0,17.0,78.0,51.0,7.0,6.0,70.0,42.0,31.0,62.0,50.0,52.0,1.0,0.8
422,20211218,19,65.0,39.0,18.0,80.0,51.0,6.0,6.0,70.0,43.0,30.0,61.0,47.0,52.0,1.0,0.8
423,20211218,20,65.0,45.0,19.0,79.0,52.0,7.0,6.0,73.0,45.0,27.0,61.0,43.0,52.0,1.0,0.8
424,20211218,21,68.0,49.0,20.0,84.0,53.0,7.0,6.0,82.0,47.0,18.0,61.0,38.0,52.0,1.0,0.8
425,20211218,22,69.0,50.0,22.0,88.0,54.0,8.0,6.0,91.0,50.0,10.0,61.0,32.0,52.0,1.0,0.8
426,20211218,23,73.0,53.0,23.0,93.0,56.0,8.0,6.0,94.0,52.0,7.0,61.0,26.0,52.0,1.1,0.9
427,20211219,0,75.0,55.0,25.0,91.0,58.0,8.0,6.0,94.0,55.0,6.0,61.0,20.0,52.0,1.1,0.9
428,20211219,1,77.0,56.0,27.0,92.0,60.0,8.0,6.0,92.0,57.0,6.0,61.0,6.0,6.0,1.1,0.9
429,20211219,2,84.0,62.0,29.0,90.0,62.0,8.0,6.0,88.0,59.0,7.0,61.0,6.0,6.0,1.1,0.9
430,20211219,3,74.0,54.0,30.0,79.0,63.0,7.0,7.0,84.0,61.0,9.0,61.0,7.0,7.0,1.0,0.9
431,20211219,4,67.0,48.0,32.0,71.0,64.0,8.0,7.0,79.0,63.0,13.0,61.0,9.0,9.0,1.1,0.9
432,20211219,5,65.0,47.0,33.0,69.0,65.0,9.0,7.0,74.0,65.0,17.0,61.0,10.0,10.0,1.2,1.0
433,20211219,6,64.0,46.0,35.0,68.0,66.0,8.0,7.0,74.0,66.0,16.0,61.0,11.0,11.0,1.1,1.0
434,20211219,7,63.0,45.0,36.0,70.0,67.0,9.0,7.0,81.0,67.0,11.0,61.0,11.0,11.0,1.1,1.0
435,20211219,8,67.0,48.0,37.0,76.0,68.0,10.0,7.0,78.0,68.0,14.0,61.0,12.0,12.0,1.2,1.0
436,20211219,9,72.0,52.0,39.0,83.0,69.0,11.0,7.0,70.0,69.0,24.0,61.0,14.0,14.0,1.2,1.0
437,20211219,10,68.0,49.0,40.0,82.0,70.0,11.0,8.0,64.0,70.0,32.0,61.0,17.0,17.0,1.2,1.0
438,20211219,11,69.0,50.0,41.0,82.0,72.0,13.0,8.0,66.0,71.0,34.0,61.0,20.0,20.0,1.3,1.0
439,20211219,12,69.0,50.0,43.0,79.0,74.0,11.0,8.0,61.0,72.0,45.0,61.0,24.0,24.0,1.1,1.0
440,20211219,13,64.0,46.0,44.0,77.0,76.0,10.0,8.0,64.0,73.0,46.0,57.0,28.0,28.0,1.1,1.0
441,20211219,14,63.0,45.0,46.0,72.0,77.0,9.0,8.0,61.0,74.0,51.0,55.0,32.0,32.0,1.0,1.1
442,20211219,15,56.0,37.0,46.0,62.0,78.0,8.0,8.0,53.0,74.0,58.0,58.0,38.0,38.0,0.9,1.1
443,20211219,16,54.0,30.0,47.0,58.0,78.0,7.0,9.0,58.0,74.0,54.0,58.0,43.0,43.0,0.8,1.1
444,20211219,17,55.0,28.0,47.0,60.0,78.0,7.0,9.0,66.0,74.0,45.0,58.0,46.0,46.0,0.9,1.1
445,20211219,18,62.0,33.0,47.0,73.0,77.0,7.0,9.0,84.0,75.0,28.0,58.0,45.0,46.0,1.0,1.1
446,20211219,19,63.0,36.0,46.0,76.0,77.0,7.0,9.0,88.0,76.0,24.0,58.0,44.0,46.0,1.0,1.1
447,20211219,20,76.0,40.0,46.0,101.0,78.0,7.0,9.0,110.0,77.0,6.0,58.0,39.0,46.0,1.1,1.1
448,20211219,21,99.0,53.0,46.0,148.0,81.0,7.0,9.0,114.0,79.0,6.0,58.0,34.0,46.0,1.2,1.1
449,20211219,22,101.0,49.0,46.0,152.0,84.0,8.0,9.0,114.0,80.0,6.0,58.0,28.0,46.0,1.2,1.1
450,20211219,23,107.0,52.0,46.0,164.0,86.0,8.0,9.0,115.0,80.0,5.0,58.0,22.0,46.0,1.2,1.1
451,20211220,0,94.0,53.0,46.0,138.0,88.0,7.0,9.0,111.0,81.0,5.0,58.0,16.0,46.0,1.0,1.1
452,20211220,1,68.0,46.0,46.0,85.0,88.0,7.0,8.0,107.0,82.0,6.0,58.0,6.0,6.0,0.9,1.1
453,20211220,2,65.0,47.0,45.0,75.0,88.0,16.0,9.0,102.0,82.0,12.0,58.0,9.0,9.0,1.0,1.1
454,20211220,3,72.0,52.0,45.0,76.0,87.0,12.0,9.0,106.0,83.0,7.0,58.0,8.0,9.0,1.1,1.1
455,20211220,4,67.0,48.0,45.0,70.0,87.0,8.0,9.0,103.0,84.0,5.0,58.0,8.0,9.0,1.0,1.1
456,20211220,5,69.0,50.0,45.0,67.0,87.0,7.0,9.0,102.0,86.0,6.0,58.0,7.0,9.0,0.9,1.1
457,20211220,6,73.0,53.0,46.0,70.0,87.0,6.0,9.0,99.0,87.0,5.0,58.0,7.0,9.0,1.0,1.1
458,20211220,7,69.0,50.0,46.0,70.0,87.0,9.0,9.0,96.0,87.0,8.0,58.0,7.0,9.0,1.0,1.1
459,20211220,8,84.0,58.0,46.0,118.0,89.0,16.0,9.0,101.0,88.0,8.0,58.0,7.0,9.0,1.3,1.1
460,20211220,9,101.0,71.0,47.0,151.0,92.0,24.0,10.0,98.0,89.0,18.0,58.0,9.0,9.0,1.3,1.1
461,20211220,10,84.0,62.0,47.0,116.0,93.0,22.0,10.0,99.0,91.0,25.0,58.0,10.0,10.0,1.3,1.1
462,20211220,11,83.0,61.0,48.0,107.0,94.0,13.0,10.0,96.0,92.0,34.0,58.0,14.0,14.0,1.1,1.1
463,20211220,12,77.0,56.0,48.0,100.0,95.0,11.0,10.0,87.0,93.0,48.0,58.0,19.0,19.0,1.0,1.1
464,20211220,13,79.0,58.0,49.0,90.0,96.0,10.0,10.0,82.0,94.0,62.0,62.0,26.0,26.0,0.9,1.0
465,20211220,14,78.0,57.0,49.0,80.0,96.0,8.0,10.0,78.0,95.0,67.0,67.0,34.0,34.0,0.9,1.0
466,20211220,15,73.0,53.0,50.0,73.0,97.0,8.0,10.0,74.0,95.0,65.0,67.0,41.0,41.0,0.8,1.0
467,20211220,16,59.0,42.0,50.0,62.0,97.0,8.0,10.0,65.0,96.0,75.0,75.0,49.0,49.0,0.8,1.0
468,20211220,17,60.0,43.0,51.0,70.0,97.0,9.0,10.0,98.0,97.0,46.0,75.0,53.0,53.0,0.9,1.0
469,20211220,18,69.0,44.0,51.0,87.0,98.0,10.0,10.0,97.0,98.0,42.0,75.0,55.0,55.0,0.9,1.0
470,20211220,19,73.0,40.0,52.0,95.0,99.0,7.0,10.0,110.0,98.0,22.0,75.0,53.0,55.0,0.9,1.0
471,20211220,20,79.0,44.0,52.0,107.0,99.0,8.0,10.0,127.0,99.0,8.0,75.0,48.0,55.0,1.0,1.0
472,20211220,21,78.0,50.0,52.0,105.0,97.0,12.0,11.0,127.0,100.0,14.0,75.0,42.0,55.0,1.1,1.0
473,20211220,22,94.0,56.0,52.0,137.0,96.0,12.0,11.0,138.0,101.0,6.0,75.0,35.0,55.0,1.2,1.0
474,20211220,23,86.0,59.0,52.0,121.0,95.0,11.0,11.0,139.0,102.0,6.0,75.0,27.0,55.0,1.3,1.0
475,20211221,0,82.0,60.0,52.0,101.0,93.0,10.0,11.0,138.0,103.0,7.0,75.0,19.0,55.0,1.4,1.0
476,20211221,1,84.0,62.0,53.0,102.0,94.0,11.0,11.0,141.0,104.0,6.0,75.0,6.0,6.0,1.2,1.1
477,20211221,2,85.0,63.0,54.0,92.0,94.0,10.0,11.0,138.0,106.0,5.0,75.0,6.0,6.0,1.1,1.1
478,20211221,3,84.0,62.0,54.0,83.0,95.0,10.0,11.0,129.0,107.0,6.0,75.0,6.0,6.0,1.1,1.1
479,20211221,4,85.0,63.0,55.0,84.0,95.0,10.0,11.0,126.0,108.0,6.0,75.0,6.0,6.0,1.1,1.1
480,20211221,5,88.0,65.0,56.0,82.0,96.0,10.0,11.0,117.0,108.0,7.0,75.0,6.0,6.0,1.1,1.1
481,20211221,6,90.0,67.0,56.0,84.0,97.0,11.0,11.0,106.0,109.0,11.0,75.0,7.0,7.0,1.1,1.1
482,20211221,7,88.0,65.0,57.0,81.0,97.0,11.0,11.0,105.0,109.0,14.0,75.0,8.0,8.0,1.1,1.1
483,20211221,8,87.0,64.0,57.0,85.0,96.0,12.0,11.0,104.0,109.0,15.0,75.0,9.0,9.0,1.3,1.1
484,20211221,9,89.0,66.0,57.0,96.0,93.0,13.0,11.0,105.0,109.0,18.0,75.0,10.0,10.0,1.4,1.1
485,20211221,10,98.0,73.0,57.0,110.0,93.0,14.0,10.0,104.0,110.0,25.0,75.0,13.0,13.0,1.4,1.1
486,20211221,11,103.0,77.0,58.0,120.0,94.0,14.0,10.0,119.0,111.0,22.0,75.0,15.0,15.0,1.7,1.1
487,20211221,12,127.0,96.0,60.0,141.0,95.0,14.0,11.0,133.0,112.0,21.0,75.0,17.0,17.0,1.6,1.1
488,20211221,13,137.0,104.0,61.0,152.0,98.0,13.0,11.0,138.0,115.0,20.0,75.0,18.0,18.0,1.5,1.2
489,20211221,14,130.0,99.0,63.0,144.0,101.0,13.0,11.0,125.0,117.0,29.0,75.0,20.0,20.0,1.4,1.2
490,20211221,15,115.0,87.0,65.0,117.0,102.0,12.0,11.0,115.0,118.0,33.0,75.0,23.0,23.0,1.3,1.2
491,20211221,16,104.0,78.0,66.0,114.0,105.0,12.0,11.0,139.0,122.0,13.0,46.0,23.0,23.0,1.3,1.2
492,20211221,17,115.0,87.0,68.0,169.0,109.0,11.0,11.0,150.0,124.0,8.0,42.0,21.0,23.0,1.4,1.2
493,20211221,18,130.0,99.0,70.0,190.0,113.0,14.0,11.0,150.0,126.0,9.0,33.0,19.0,23.0,1.8,1.3
494,20211221,19,153.0,117.0,73.0,202.0,117.0,11.0,12.0,150.0,128.0,13.0,33.0,18.0,23.0,2.4,1.3
495,20211221,20,166.0,126.0,77.0,244.0,123.0,10.0,12.0,146.0,128.0,16.0,33.0,18.0,23.0,3.0,1.4
496,20211221,21,186.0,140.0,81.0,255.0,129.0,12.0,12.0,152.0,129.0,12.0,33.0,17.0,23.0,2.5,1.5
497,20211221,22,165.0,125.0,84.0,207.0,132.0,11.0,12.0,142.0,130.0,8.0,33.0,14.0,23.0,2.1,1.5
498,20211221,23,142.0,108.0,86.0,169.0,134.0,12.0,12.0,148.0,130.0,6.0,33.0,11.0,23.0,1.7,1.5
499,20211222,0,130.0,99.0,87.0,139.0,136.0,11.0,12.0,148.0,130.0,6.0,33.0,10.0,23.0,1.5,1.5
500,20211222,1,129.0,98.0,89.0,128.0,137.0,10.0,12.0,132.0,130.0,8.0,33.0,8.0,8.0,1.7,1.6
501,20211222,2,133.0,101.0,90.0,142.0,139.0,9.0,12.0,122.0,129.0,8.0,33.0,8.0,8.0,1.8,1.6
502,20211222,3,132.0,100.0,92.0,154.0,142.0,8.0,12.0,115.0,129.0,10.0,33.0,9.0,9.0,2.0,1.6
503,20211222,4,138.0,105.0,94.0,141.0,144.0,10.0,12.0,123.0,129.0,6.0,33.0,8.0,9.0,1.5,1.7
504,20211222,5,134.0,102.0,95.0,118.0,146.0,10.0,12.0,115.0,129.0,5.0,33.0,7.0,9.0,1.4,1.7
505,20211222,6,140.0,107.0,97.0,116.0,147.0,9.0,12.0,102.0,128.0,5.0,33.0,7.0,9.0,1.4,1.7
506,20211222,7,139.0,106.0,98.0,109.0,148.0,7.0,11.0,96.0,128.0,6.0,33.0,7.0,9.0,1.4,1.7
507,20211222,8,138.0,105.0,100.0,117.0,150.0,7.0,11.0,94.0,128.0,6.0,33.0,7.0,9.0,1.8,1.7
508,20211222,9,142.0,108.0,102.0,124.0,151.0,7.0,11.0,89.0,127.0,5.0,33.0,6.0,9.0,1.5,1.7
509,20211222,10,155.0,118.0,104.0,132.0,152.0,6.0,11.0,90.0,126.0,8.0,33.0,6.0,9.0,1.5,1.7
510,20211222,11,153.0,117.0,106.0,129.0,152.0,6.0,10.0,80.0,125.0,34.0,34.0,9.0,9.0,1.3,1.7
511,20211222,12,133.0,101.0,106.0,103.0,151.0,7.0,10.0,63.0,122.0,77.0,77.0,18.0,18.0,1.1,1.7
512,20211222,13,114.0,86.0,105.0,78.0,148.0,8.0,10.0,55.0,118.0,92.0,92.0,29.0,29.0,1.0,1.7
513,20211222,14,104.0,78.0,104.0,79.0,145.0,8.0,10.0,52.0,115.0,102.0,102.0,41.0,41.0,0.9,1.6
514,20211222,15,99.0,74.0,104.0,81.0,143.0,8.0,9.0,58.0,113.0,89.0,102.0,52.0,52.0,0.9,1.6
515,20211222,16,95.0,71.0,103.0,79.0,142.0,6.0,9.0,49.0,109.0,102.0,102.0,64.0,64.0,0.9,1.6
516,20211222,17,92.0,68.0,102.0,78.0,138.0,5.0,9.0,56.0,105.0,88.0,102.0,74.0,74.0,1.0,1.6
517,20211222,18,84.0,62.0,101.0,90.0,134.0,5.0,8.0,77.0,102.0,59.0,102.0,80.0,80.0,1.1,1.6
518,20211222,19,73.0,52.0,98.0,96.0,130.0,6.0,8.0,93.0,100.0,39.0,102.0,81.0,81.0,1.1,1.5
519,20211222,20,72.0,49.0,95.0,94.0,123.0,6.0,8.0,119.0,99.0,14.0,102.0,73.0,81.0,1.1,1.4
520,20211222,21,73.0,48.0,91.0,95.0,117.0,6.0,8.0,128.0,98.0,5.0,102.0,62.0,81.0,1.1,1.4
521,20211222,22,70.0,45.0,88.0,90.0,112.0,6.0,8.0,125.0,97.0,4.0,102.0,50.0,81.0,1.1,1.3
522,20211222,23,67.0,42.0,85.0,83.0,108.0,6.0,7.0,120.0,96.0,4.0,102.0,39.0,81.0,1.1,1.3
523,20211223,0,69.0,39.0,83.0,87.0,106.0,6.0,7.0,118.0,95.0,8.0,102.0,28.0,81.0,1.1,1.3
524,20211223,1,66.0,34.0,80.0,81.0,104.0,6.0,7.0,110.0,94.0,5.0,102.0,5.0,5.0,1.0,1.3
525,20211223,2,56.0,30.0,77.0,62.0,101.0,6.0,7.0,108.0,93.0,5.0,102.0,5.0,5.0,1.0,1.2
526,20211223,3,48.0,28.0,74.0,45.0,96.0,6.0,7.0,96.0,92.0,5.0,102.0,5.0,5.0,0.9,1.2
527,20211223,4,46.0,21.0,70.0,30.0,92.0,5.0,7.0,92.0,91.0,5.0,102.0,5.0,5.0,0.8,1.1
528,20211223,5,46.0,16.0,67.0,20.0,87.0,5.0,6.0,92.0,90.0,5.0,102.0,5.0,5.0,0.8,1.1
529,20211223,6,42.0,11.0,63.0,21.0,83.0,5.0,6.0,84.0,89.0,6.0,102.0,5.0,5.0,0.9,1.1
530,20211223,7,44.0,12.0,59.0,24.0,80.0,5.0,6.0,87.0,89.0,5.0,102.0,5.0,5.0,0.8,1.1
531,20211223,8,51.0,15.0,55.0,52.0,77.0,6.0,6.0,92.0,89.0,7.0,102.0,5.0,5.0,1.5,1.1
532,20211223,9,58.0,30.0,52.0,65.0,75.0,7.0,6.0,85.0,89.0,12.0,102.0,6.0,6.0,1.2,1.0
533,20211223,10,44.0,26.0,48.0,37.0,71.0,7.0,6.0,88.0,89.0,16.0,102.0,8.0,8.0,0.9,1.0
534,20211223,11,29.0,18.0,44.0,29.0,67.0,6.0,6.0,57.0,88.0,50.0,102.0,13.0,13.0,0.7,1.0
535,20211223,12,24.0,7.0,40.0,19.0,63.0,6.0,6.0,37.0,87.0,74.0,102.0,22.0,22.0,0.6,1.0
536,20211223,13,24.0,7.0,37.0,21.0,61.0,6.0,6.0,37.0,86.0,76.0,102.0,31.0,31.0,0.5,1.0
537,20211223,14,29.0,4.0,34.0,29.0,59.0,6.0,6.0,36.0,85.0,81.0,102.0,40.0,40.0,0.5,0.9
538,20211223,15,38.0,6.0,31.0,38.0,57.0,5.0,6.0,39.0,84.0,81.0,102.0,50.0,50.0,0.5,0.9
539,20211223,16,43.0,8.0,28.0,43.0,55.0,5.0,6.0,41.0,84.0,81.0,88.0,59.0,59.0,0.5,0.9
540,20211223,17,46.0,10.0,26.0,46.0,54.0,5.0,6.0,56.0,84.0,65.0,81.0,66.0,66.0,0.6,0.9
541,20211223,18,49.0,12.0,24.0,49.0,52.0,6.0,6.0,84.0,84.0,35.0,81.0,68.0,68.0,0.7,0.9
542,20211223,19,51.0,12.0,22.0,51.0,50.0,5.0,6.0,85.0,84.0,31.0,81.0,66.0,68.0,0.8,0.9
543,20211223,20,53.0,14.0,21.0,55.0,49.0,5.0,6.0,90.0,83.0,26.0,81.0,60.0,68.0,0.8,0.9
544,20211223,21,52.0,18.0,19.0,54.0,47.0,5.0,6.0,100.0,82.0,15.0,81.0,52.0,68.0,0.8,0.8
545,20211223,22,46.0,17.0,18.0,46.0,45.0,5.0,6.0,90.0,80.0,22.0,81.0,44.0,68.0,0.8,0.8
546,20211223,23,50.0,14.0,17.0,44.0,44.0,5.0,6.0,99.0,79.0,13.0,81.0,36.0,68.0,0.8,0.8
547,20211224,0,50.0,15.0,16.0,40.0,42.0,5.0,6.0,100.0,79.0,10.0,81.0,27.0,68.0,0.8,0.8
548,20211224,1,49.0,14.0,15.0,36.0,40.0,6.0,6.0,97.0,78.0,13.0,81.0,13.0,13.0,0.8,0.8
549,20211224,2,50.0,14.0,15.0,34.0,39.0,5.0,6.0,99.0,78.0,10.0,81.0,12.0,13.0,0.8,0.8
550,20211224,3,49.0,13.0,14.0,34.0,38.0,6.0,6.0,98.0,78.0,12.0,81.0,12.0,13.0,0.8,0.8
551,20211224,4,52.0,16.0,14.0,34.0,38.0,6.0,6.0,103.0,78.0,6.0,81.0,10.0,13.0,0.8,0.8
552,20211224,5,53.0,14.0,14.0,34.0,39.0,6.0,6.0,106.0,79.0,4.0,81.0,9.0,13.0,0.8,0.8
553,20211224,6,53.0,15.0,14.0,35.0,40.0,6.0,6.0,105.0,80.0,5.0,81.0,8.0,13.0,0.9,0.8
554,20211224,7,53.0,16.0,14.0,40.0,40.0,6.0,6.0,106.0,80.0,5.0,81.0,8.0,13.0,1.0,0.8
555,20211224,8,51.0,16.0,14.0,50.0,40.0,7.0,6.0,102.0,81.0,6.0,81.0,8.0,13.0,1.0,0.8
556,20211224,9,58.0,22.0,14.0,66.0,40.0,7.0,6.0,92.0,81.0,12.0,81.0,8.0,13.0,1.0,0.8
557,20211224,10,56.0,24.0,14.0,62.0,41.0,6.0,6.0,77.0,81.0,30.0,81.0,10.0,13.0,1.0,0.8
558,20211224,11,51.0,22.0,14.0,52.0,42.0,7.0,6.0,59.0,81.0,54.0,81.0,15.0,15.0,0.9,0.8
559,20211224,12,,18.0,14.0,46.0,43.0,5.0,6.0,39.0,81.0,,81.0,17.0,17.0,0.9,0.8
560,20211224,13,,,15.0,,44.0,,6.0,,83.0,66.0,81.0,25.0,25.0,0.8,0.8
561,20211224,14,,17.0,15.0,45.0,45.0,5.0,6.0,31.0,83.0,77.0,81.0,36.0,36.0,,0.8
562,20211224,15,,24.0,16.0,66.0,46.0,5.0,6.0,28.0,82.0,79.0,81.0,46.0,46.0,,0.8
563,20211224,16,,,16.0,,46.0,,6.0,,84.0,,27.0,,29.0,,0.8
564,20211224,17,,,17.0,,46.0,,6.0,,85.0,,25.0,,27.0,,0.8
565,20211224,18,42.0,26.0,17.0,42.0,46.0,4.0,6.0,28.0,83.0,66.0,79.0,68.0,68.0,0.8,0.9
566,20211224,19,29.0,12.0,18.0,29.0,46.0,5.0,6.0,25.0,75.0,59.0,83.0,73.0,73.0,0.8,0.8
567,20211224,20,22.0,4.0,17.0,22.0,44.0,5.0,6.0,22.0,72.0,62.0,83.0,72.0,73.0,0.7,0.8
568,20211224,21,20.0,4.0,17.0,18.0,43.0,5.0,6.0,23.0,69.0,61.0,83.0,71.0,73.0,0.7,0.8
569,20211224,22,21.0,7.0,16.0,21.0,41.0,5.0,6.0,22.0,66.0,61.0,83.0,69.0,73.0,0.7,0.8
570,20211224,23,30.0,14.0,16.0,30.0,41.0,5.0,6.0,19.0,62.0,67.0,83.0,68.0,73.0,0.7,0.8
571,20211225,0,29.0,12.0,16.0,29.0,40.0,5.0,6.0,18.0,59.0,70.0,83.0,66.0,73.0,0.6,0.8
572,20211225,1,31.0,11.0,16.0,31.0,40.0,5.0,5.0,18.0,55.0,75.0,83.0,75.0,75.0,0.6,0.8
573,20211225,2,31.0,13.0,16.0,31.0,40.0,4.0,5.0,17.0,52.0,72.0,83.0,74.0,75.0,0.6,0.8
574,20211225,3,30.0,11.0,16.0,30.0,40.0,4.0,5.0,17.0,48.0,72.0,83.0,73.0,75.0,0.6,0.8
575,20211225,4,31.0,11.0,16.0,31.0,40.0,4.0,5.0,16.0,45.0,71.0,83.0,72.0,75.0,0.5,0.8
576,20211225,5,30.0,13.0,16.0,30.0,40.0,4.0,5.0,17.0,41.0,68.0,83.0,72.0,75.0,0.5,0.8
577,20211225,6,32.0,11.0,16.0,32.0,39.0,5.0,5.0,18.0,37.0,66.0,83.0,71.0,75.0,0.6,0.8
578,20211225,7,34.0,12.0,15.0,34.0,39.0,4.0,5.0,20.0,33.0,67.0,83.0,70.0,75.0,0.6,0.7
579,20211225,8,34.0,15.0,15.0,34.0,38.0,5.0,5.0,20.0,30.0,67.0,83.0,70.0,75.0,0.6,0.7
580,20211225,9,32.0,14.0,15.0,32.0,37.0,5.0,5.0,21.0,27.0,64.0,83.0,68.0,75.0,0.6,0.7
581,20211225,10,32.0,15.0,15.0,32.0,36.0,5.0,5.0,21.0,24.0,63.0,83.0,67.0,75.0,0.7,0.7
582,20211225,11,33.0,15.0,14.0,33.0,35.0,5.0,5.0,21.0,22.0,65.0,83.0,66.0,75.0,0.7,0.7
583,20211225,12,29.0,12.0,14.0,29.0,34.0,4.0,5.0,19.0,22.0,68.0,83.0,66.0,75.0,0.7,0.7
584,20211225,13,26.0,10.0,14.0,26.0,34.0,5.0,5.0,21.0,22.0,68.0,83.0,66.0,75.0,0.7,0.7
585,20211225,14,26.0,13.0,14.0,26.0,33.0,5.0,5.0,20.0,21.0,68.0,83.0,66.0,75.0,0.6,0.7
586,20211225,15,23.0,7.0,13.0,23.0,31.0,4.0,5.0,20.0,21.0,66.0,83.0,66.0,75.0,0.6,0.7
587,20211225,16,21.0,1.0,12.0,21.0,30.0,5.0,5.0,22.0,21.0,64.0,83.0,66.0,75.0,0.6,0.7
588,20211225,17,22.0,5.0,11.0,22.0,29.0,5.0,5.0,25.0,20.0,62.0,75.0,66.0,75.0,0.6,0.6
589,20211225,18,22.0,5.0,10.0,22.0,28.0,5.0,5.0,20.0,20.0,69.0,75.0,66.0,75.0,0.6,0.6
590,20211225,19,21.0,7.0,10.0,21.0,28.0,5.0,5.0,21.0,20.0,66.0,75.0,66.0,75.0,0.6,0.6
591,20211225,20,22.0,7.0,10.0,22.0,28.0,4.0,5.0,24.0,20.0,62.0,75.0,66.0,75.0,0.6,0.6
592,20211225,21,25.0,9.0,10.0,25.0,28.0,5.0,5.0,24.0,20.0,57.0,75.0,64.0,75.0,0.7,0.6
593,20211225,22,31.0,17.0,11.0,31.0,28.0,5.0,5.0,27.0,20.0,52.0,75.0,62.0,75.0,0.8,0.6
594,20211225,23,36.0,25.0,11.0,36.0,28.0,5.0,5.0,34.0,21.0,42.0,75.0,59.0,75.0,0.8,0.6
595,20211226,0,42.0,29.0,12.0,41.0,29.0,5.0,5.0,39.0,22.0,34.0,75.0,56.0,70.0,0.9,0.6
596,20211226,1,42.0,29.0,13.0,41.0,29.0,5.0,5.0,34.0,22.0,39.0,72.0,39.0,39.0,0.9,0.7
597,20211226,2,38.0,26.0,13.0,38.0,30.0,5.0,5.0,31.0,23.0,43.0,72.0,41.0,41.0,0.8,0.7
598,20211226,3,33.0,22.0,14.0,33.0,30.0,5.0,5.0,32.0,24.0,46.0,71.0,43.0,43.0,0.7,0.7
599,20211226,4,32.0,22.0,14.0,32.0,30.0,5.0,5.0,38.0,25.0,48.0,69.0,44.0,44.0,0.3,0.7
600,20211226,5,29.0,20.0,14.0,28.0,30.0,5.0,5.0,42.0,26.0,46.0,69.0,44.0,44.0,0.1,0.6
601,20211226,6,29.0,20.0,15.0,28.0,30.0,5.0,5.0,45.0,27.0,42.0,69.0,44.0,44.0,,0.6
602,20211226,7,38.0,26.0,15.0,29.0,29.0,5.0,5.0,49.0,28.0,37.0,69.0,43.0,44.0,,0.6
603,20211226,8,59.0,42.0,17.0,32.0,29.0,5.0,5.0,49.0,29.0,36.0,69.0,42.0,44.0,,0.6
604,20211226,9,40.0,23.0,17.0,40.0,30.0,5.0,5.0,38.0,30.0,36.0,69.0,42.0,44.0,0.4,0.6
605,20211226,10,46.0,12.0,17.0,46.0,30.0,5.0,5.0,32.0,30.0,42.0,69.0,42.0,44.0,0.6,0.6
606,20211226,11,,,17.0,45.0,31.0,6.0,5.0,,31.0,44.0,69.0,41.0,44.0,,0.5
607,20211226,12,,4.0,17.0,45.0,31.0,6.0,5.0,,31.0,52.0,69.0,42.0,44.0,0.7,0.5
608,20211226,13,38.0,20.0,17.0,38.0,32.0,6.0,5.0,26.0,31.0,61.0,69.0,44.0,44.0,0.3,0.5
609,20211226,14,36.0,14.0,17.0,36.0,32.0,6.0,5.0,25.0,32.0,64.0,69.0,46.0,46.0,0.3,0.5
610,20211226,15,46.0,10.0,17.0,46.0,33.0,6.0,5.0,30.0,32.0,59.0,69.0,49.0,49.0,0.2,0.5
611,20211226,16,53.0,19.0,18.0,55.0,35.0,6.0,5.0,36.0,33.0,55.0,69.0,52.0,52.0,0.2,0.5
612,20211226,17,52.0,24.0,19.0,54.0,36.0,6.0,5.0,40.0,33.0,49.0,69.0,53.0,53.0,0.3,0.5
613,20211226,18,51.0,22.0,20.0,52.0,37.0,6.0,5.0,41.0,34.0,43.0,66.0,53.0,53.0,0.3,0.5
614,20211226,19,,22.0,20.0,49.0,38.0,7.0,5.0,41.0,35.0,43.0,64.0,53.0,53.0,,0.4
615,20211226,20,46.0,20.0,21.0,46.0,39.0,7.0,6.0,44.0,36.0,37.0,64.0,51.0,53.0,1.0,0.5
616,20211226,21,43.0,20.0,21.0,43.0,40.0,7.0,6.0,46.0,37.0,31.0,64.0,48.0,53.0,1.0,0.5
617,20211226,22,37.0,15.0,21.0,37.0,40.0,7.0,6.0,43.0,38.0,31.0,64.0,44.0,53.0,0.9,0.5
618,20211226,23,37.0,16.0,21.0,37.0,40.0,6.0,6.0,43.0,38.0,31.0,64.0,40.0,53.0,0.8,0.5
619,20211227,0,37.0,22.0,20.0,37.0,40.0,7.0,6.0,44.0,39.0,36.0,64.0,38.0,53.0,0.4,0.5
620,20211227,1,32.0,22.0,20.0,32.0,40.0,9.0,6.0,46.0,39.0,36.0,64.0,36.0,36.0,0.6,0.4
621,20211227,2,39.0,27.0,20.0,37.0,40.0,9.0,6.0,52.0,40.0,29.0,64.0,32.0,36.0,0.6,0.4
622,20211227,3,52.0,36.0,21.0,37.0,40.0,9.0,6.0,49.0,41.0,35.0,64.0,33.0,36.0,0.2,0.4
623,20211227,4,67.0,48.0,22.0,37.0,40.0,8.0,6.0,43.0,41.0,44.0,64.0,36.0,36.0,,0.4
624,20211227,5,63.0,45.0,23.0,36.0,41.0,9.0,7.0,50.0,41.0,36.0,64.0,36.0,36.0,0.2,0.4
625,20211227,6,65.0,47.0,24.0,40.0,41.0,10.0,7.0,59.0,42.0,29.0,64.0,35.0,36.0,0.4,0.4
626,20211227,7,63.0,45.0,25.0,43.0,42.0,8.0,7.0,69.0,43.0,22.0,64.0,33.0,36.0,0.2,0.4
627,20211227,8,60.0,43.0,25.0,47.0,42.0,7.0,7.0,68.0,44.0,24.0,64.0,32.0,36.0,0.1,0.4
628,20211227,9,52.0,36.0,26.0,52.0,43.0,8.0,7.0,57.0,45.0,29.0,64.0,31.0,36.0,0.3,0.4
629,20211227,10,56.0,14.0,26.0,62.0,43.0,9.0,7.0,44.0,45.0,34.0,64.0,32.0,36.0,0.9,0.4
630,20211227,11,53.0,31.0,26.0,56.0,44.0,10.0,7.0,42.0,45.0,40.0,64.0,32.0,36.0,0.9,0.5
631,20211227,12,51.0,32.0,27.0,51.0,44.0,10.0,8.0,44.0,45.0,44.0,64.0,32.0,36.0,1.0,0.5
632,20211227,13,52.0,31.0,28.0,53.0,45.0,9.0,8.0,45.0,46.0,46.0,64.0,34.0,36.0,0.9,0.5
633,20211227,14,50.0,32.0,28.0,50.0,45.0,7.0,8.0,43.0,47.0,51.0,59.0,36.0,36.0,0.7,0.5
634,20211227,15,50.0,29.0,29.0,50.0,46.0,6.0,8.0,47.0,47.0,48.0,55.0,40.0,40.0,0.7,0.5
635,20211227,16,51.0,29.0,30.0,52.0,45.0,6.0,8.0,54.0,48.0,42.0,51.0,42.0,42.0,0.7,0.6
636,20211227,17,52.0,29.0,30.0,54.0,45.0,7.0,8.0,62.0,49.0,35.0,51.0,42.0,42.0,0.9,0.6
637,20211227,18,54.0,31.0,30.0,58.0,46.0,6.0,8.0,73.0,50.0,26.0,51.0,42.0,42.0,0.9,0.6
638,20211227,19,58.0,36.0,31.0,66.0,46.0,7.0,8.0,81.0,52.0,18.0,51.0,39.0,42.0,1.0,0.6
639,20211227,20,61.0,41.0,32.0,71.0,47.0,7.0,8.0,88.0,54.0,12.0,51.0,35.0,42.0,1.1,0.6
640,20211227,21,63.0,41.0,32.0,75.0,49.0,7.0,8.0,94.0,56.0,8.0,51.0,30.0,42.0,1.1,0.6
641,20211227,22,63.0,44.0,34.0,75.0,50.0,8.0,8.0,96.0,58.0,7.0,51.0,24.0,42.0,1.2,0.7
642,20211227,23,62.0,44.0,35.0,73.0,52.0,8.0,8.0,95.0,60.0,6.0,51.0,19.0,42.0,1.3,0.7
643,20211228,0,62.0,44.0,36.0,71.0,53.0,9.0,8.0,94.0,62.0,6.0,51.0,15.0,42.0,1.3,0.7
644,20211228,1,57.0,40.0,36.0,64.0,55.0,10.0,8.0,93.0,64.0,6.0,51.0,6.0,6.0,1.3,0.7
645,20211228,2,56.0,38.0,37.0,61.0,56.0,9.0,8.0,92.0,66.0,6.0,51.0,6.0,6.0,1.3,0.8
646,20211228,3,54.0,37.0,37.0,58.0,56.0,8.0,8.0,88.0,68.0,6.0,51.0,6.0,6.0,1.2,0.8
647,20211228,4,53.0,37.0,36.0,55.0,57.0,8.0,8.0,91.0,70.0,5.0,51.0,6.0,6.0,1.2,0.9
648,20211228,5,54.0,38.0,36.0,56.0,58.0,8.0,8.0,94.0,71.0,6.0,51.0,6.0,6.0,1.3,0.9
649,20211228,6,55.0,39.0,36.0,59.0,59.0,8.0,8.0,88.0,73.0,6.0,51.0,6.0,6.0,1.3,1.0
650,20211228,7,57.0,40.0,36.0,61.0,60.0,9.0,8.0,90.0,73.0,7.0,51.0,6.0,6.0,1.4,1.0
651,20211228,8,63.0,45.0,36.0,64.0,60.0,10.0,8.0,89.0,74.0,7.0,51.0,6.0,6.0,1.4,1.1
652,20211228,9,58.0,41.0,36.0,65.0,61.0,9.0,8.0,85.0,76.0,10.0,51.0,7.0,7.0,1.3,1.1
653,20211228,10,66.0,41.0,37.0,82.0,62.0,9.0,8.0,84.0,77.0,14.0,51.0,8.0,8.0,1.1,1.1
654,20211228,11,65.0,39.0,37.0,80.0,63.0,10.0,8.0,89.0,79.0,15.0,51.0,9.0,9.0,1.2,1.1
655,20211228,12,66.0,47.0,38.0,81.0,64.0,10.0,8.0,90.0,81.0,15.0,51.0,10.0,10.0,1.3,1.1
656,20211228,13,67.0,48.0,39.0,79.0,65.0,11.0,8.0,90.0,83.0,16.0,51.0,11.0,11.0,1.3,1.1
657,20211228,14,70.0,47.0,39.0,89.0,67.0,12.0,8.0,93.0,85.0,15.0,48.0,12.0,12.0,1.3,1.2
658,20211228,15,75.0,55.0,40.0,100.0,69.0,9.0,9.0,99.0,87.0,11.0,42.0,13.0,13.0,1.2,1.2
659,20211228,16,79.0,58.0,42.0,95.0,70.0,9.0,9.0,94.0,89.0,13.0,35.0,14.0,14.0,1.1,1.2
660,20211228,17,77.0,56.0,43.0,81.0,72.0,8.0,9.0,93.0,90.0,11.0,26.0,14.0,14.0,1.1,1.2
661,20211228,18,69.0,50.0,44.0,70.0,72.0,7.0,9.0,99.0,91.0,7.0,18.0,13.0,14.0,1.1,1.2
662,20211228,19,72.0,52.0,44.0,74.0,72.0,8.0,9.0,104.0,92.0,5.0,16.0,12.0,14.0,1.2,1.2
663,20211228,20,74.0,54.0,45.0,81.0,73.0,8.0,9.0,106.0,93.0,6.0,16.0,10.0,14.0,1.2,1.2
664,20211228,21,79.0,58.0,46.0,101.0,74.0,7.0,9.0,109.0,94.0,6.0,16.0,9.0,14.0,1.4,1.2
665,20211228,22,85.0,63.0,46.0,102.0,75.0,8.0,9.0,114.0,94.0,8.0,16.0,8.0,14.0,1.6,1.3
666,20211228,23,90.0,67.0,47.0,101.0,76.0,7.0,9.0,113.0,95.0,7.0,16.0,8.0,14.0,1.6,1.3
667,20211229,0,88.0,65.0,48.0,97.0,77.0,7.0,9.0,103.0,95.0,7.0,16.0,7.0,14.0,1.3,1.3
668,20211229,1,80.0,59.0,49.0,88.0,78.0,8.0,9.0,102.0,96.0,7.0,16.0,7.0,7.0,1.2,1.3
669,20211229,2,79.0,58.0,50.0,90.0,80.0,8.0,9.0,100.0,96.0,6.0,16.0,6.0,7.0,1.1,1.3
670,20211229,3,78.0,57.0,51.0,84.0,81.0,8.0,9.0,98.0,97.0,6.0,16.0,6.0,7.0,1.0,1.3
671,20211229,4,70.0,51.0,51.0,79.0,82.0,8.0,9.0,94.0,97.0,6.0,16.0,6.0,7.0,1.0,1.2
672,20211229,5,67.0,48.0,52.0,75.0,82.0,9.0,9.0,91.0,97.0,6.0,16.0,6.0,7.0,1.0,1.2
673,20211229,6,67.0,48.0,52.0,78.0,83.0,9.0,9.0,89.0,97.0,6.0,16.0,6.0,7.0,1.0,1.2
674,20211229,7,70.0,51.0,52.0,84.0,84.0,10.0,9.0,86.0,96.0,6.0,16.0,6.0,7.0,1.1,1.2
675,20211229,8,75.0,55.0,53.0,92.0,85.0,10.0,9.0,82.0,96.0,8.0,16.0,6.0,7.0,1.2,1.2
676,20211229,9,82.0,60.0,54.0,97.0,87.0,10.0,9.0,76.0,96.0,13.0,16.0,7.0,7.0,1.3,1.2
677,20211229,10,89.0,66.0,55.0,94.0,87.0,11.0,9.0,70.0,95.0,23.0,23.0,9.0,9.0,1.3,1.2
678,20211229,11,92.0,68.0,56.0,90.0,88.0,10.0,9.0,64.0,94.0,37.0,37.0,13.0,13.0,1.2,1.2
679,20211229,12,84.0,62.0,56.0,86.0,88.0,10.0,9.0,54.0,93.0,59.0,59.0,20.0,20.0,1.0,1.2
680,20211229,13,85.0,63.0,57.0,84.0,88.0,9.0,9.0,53.0,91.0,66.0,66.0,27.0,27.0,1.0,1.2
681,20211229,14,87.0,64.0,58.0,84.0,88.0,9.0,9.0,56.0,90.0,65.0,66.0,35.0,35.0,1.0,1.2
682,20211229,17,87.0,64.0,59.0,97.0,88.0,9.0,9.0,65.0,85.0,62.0,74.0,57.0,57.0,1.1,1.2
683,20211229,18,87.0,64.0,60.0,98.0,90.0,8.0,9.0,81.0,84.0,41.0,74.0,60.0,60.0,1.2,1.2
684,20211229,19,93.0,69.0,60.0,104.0,91.0,8.0,9.0,104.0,84.0,17.0,74.0,57.0,60.0,1.3,1.2
685,20211229,20,95.0,71.0,61.0,117.0,92.0,9.0,9.0,104.0,84.0,16.0,74.0,52.0,60.0,1.4,1.2
686,20211229,21,102.0,76.0,62.0,114.0,93.0,9.0,9.0,83.0,83.0,30.0,74.0,47.0,60.0,1.4,1.2
687,20211229,22,95.0,71.0,62.0,100.0,93.0,9.0,9.0,88.0,82.0,22.0,74.0,42.0,60.0,1.4,1.2
688,20211229,23,95.0,71.0,62.0,95.0,92.0,11.0,9.0,94.0,81.0,16.0,74.0,35.0,60.0,1.4,1.2
689,20211230,0,92.0,68.0,62.0,92.0,92.0,10.0,9.0,100.0,81.0,10.0,74.0,27.0,60.0,1.4,1.2
690,20211230,1,94.0,70.0,63.0,95.0,93.0,9.0,9.0,100.0,81.0,8.0,74.0,8.0,8.0,1.4,1.2
691,20211230,2,98.0,73.0,63.0,95.0,93.0,9.0,9.0,98.0,81.0,8.0,74.0,8.0,8.0,1.3,1.2
692,20211230,3,109.0,82.0,64.0,100.0,93.0,9.0,9.0,99.0,81.0,7.0,74.0,8.0,8.0,1.3,1.2
693,20211230,4,113.0,85.0,66.0,99.0,94.0,10.0,9.0,99.0,81.0,6.0,74.0,7.0,8.0,1.5,1.2
694,20211230,5,109.0,82.0,67.0,96.0,95.0,11.0,10.0,99.0,81.0,6.0,74.0,7.0,8.0,1.6,1.2
695,20211230,6,110.0,83.0,69.0,101.0,96.0,11.0,10.0,95.0,82.0,6.0,74.0,7.0,8.0,1.7,1.3
696,20211230,7,114.0,86.0,70.0,109.0,97.0,11.0,10.0,95.0,82.0,6.0,74.0,7.0,8.0,1.7,1.3
697,20211230,9,129.0,98.0,73.0,138.0,100.0,15.0,10.0,93.0,83.0,11.0,74.0,7.0,8.0,2.1,1.4
698,20211230,10,137.0,104.0,75.0,149.0,102.0,16.0,10.0,93.0,84.0,17.0,74.0,8.0,8.0,1.9,1.4
699,20211230,11,140.0,107.0,77.0,151.0,105.0,16.0,10.0,96.0,86.0,22.0,74.0,10.0,10.0,1.8,1.4
700,20211230,12,,,77.0,,106.0,,10.0,91.0,87.0,,74.0,11.0,11.0,1.6,1.4
701,20211230,13,,,78.0,,107.0,,10.0,,89.0,45.0,74.0,16.0,16.0,1.5,1.5
702,20211230,14,,,78.0,50.0,105.0,17.0,11.0,,90.0,51.0,74.0,23.0,23.0,,1.5
703,20211230,15,,48.0,78.0,74.0,104.0,20.0,11.0,109.0,92.0,36.0,74.0,27.0,27.0,,1.5
704,20211230,16,,64.0,78.0,85.0,104.0,24.0,12.0,,94.0,31.0,62.0,30.0,30.0,2.5,1.6
705,20211230,17,68.0,49.0,77.0,73.0,103.0,20.0,12.0,93.0,96.0,31.0,51.0,33.0,33.0,1.8,1.6
706,20211230,18,67.0,48.0,76.0,73.0,101.0,17.0,13.0,108.0,97.0,17.0,51.0,33.0,33.0,1.7,1.6
707,20211230,19,88.0,65.0,76.0,84.0,101.0,16.0,13.0,121.0,98.0,7.0,51.0,31.0,33.0,1.8,1.6
708,20211230,20,97.0,72.0,76.0,92.0,99.0,17.0,14.0,124.0,99.0,7.0,51.0,28.0,33.0,1.9,1.7
709,20211230,21,99.0,74.0,76.0,99.0,99.0,15.0,14.0,124.0,101.0,7.0,51.0,23.0,33.0,1.9,1.7
710,20211230,22,108.0,81.0,76.0,117.0,100.0,11.0,14.0,124.0,102.0,6.0,51.0,18.0,33.0,1.7,1.7
711,20211230,23,103.0,77.0,77.0,101.0,100.0,9.0,14.0,114.0,103.0,5.0,51.0,14.0,33.0,1.5,1.7
712,20211231,0,98.0,73.0,77.0,89.0,100.0,8.0,14.0,110.0,104.0,6.0,51.0,11.0,33.0,1.7,1.7
713,20211231,1,103.0,77.0,77.0,91.0,99.0,8.0,14.0,114.0,104.0,7.0,51.0,7.0,7.0,1.9,1.7
714,20211231,2,107.0,80.0,78.0,98.0,100.0,8.0,14.0,105.0,105.0,8.0,51.0,8.0,8.0,2.0,1.8
715,20211231,3,105.0,79.0,77.0,96.0,99.0,8.0,14.0,109.0,105.0,6.0,51.0,7.0,8.0,2.0,1.8
716,20211231,4,97.0,72.0,77.0,84.0,99.0,8.0,14.0,101.0,105.0,6.0,51.0,7.0,8.0,1.8,1.8
717,20211231,5,90.0,67.0,76.0,74.0,98.0,8.0,13.0,98.0,105.0,6.0,51.0,7.0,8.0,1.6,1.8
718,20211231,6,85.0,63.0,75.0,69.0,96.0,9.0,13.0,97.0,105.0,6.0,51.0,6.0,8.0,1.4,1.8
719,20211231,7,82.0,60.0,74.0,67.0,94.0,9.0,13.0,97.0,105.0,5.0,51.0,6.0,8.0,1.5,1.8
720,20211231,8,84.0,62.0,72.0,75.0,92.0,10.0,13.0,96.0,106.0,5.0,51.0,6.0,8.0,1.6,1.8
721,20211231,9,82.0,60.0,71.0,77.0,89.0,11.0,13.0,91.0,105.0,6.0,51.0,6.0,8.0,1.6,1.8
722,20211231,10,82.0,60.0,68.0,74.0,86.0,13.0,13.0,78.0,105.0,14.0,51.0,7.0,8.0,1.3,1.7
723,20211231,11,74.0,54.0,66.0,60.0,82.0,10.0,13.0,47.0,102.0,50.0,51.0,12.0,12.0,1.1,1.7
724,20211231,12,64.0,46.0,65.0,44.0,80.0,12.0,13.0,44.0,100.0,62.0,62.0,19.0,19.0,1.0,1.7
725,20211231,13,53.0,37.0,64.0,32.0,78.0,12.0,12.0,36.0,97.0,76.0,76.0,28.0,28.0,0.9,1.6
726,20211231,14,35.0,24.0,62.0,27.0,77.0,9.0,12.0,33.0,94.0,84.0,84.0,38.0,38.0,0.8,1.6
727,20211231,15,35.0,24.0,61.0,28.0,75.0,9.0,12.0,34.0,91.0,84.0,84.0,48.0,48.0,0.8,1.6
728,20211231,16,39.0,27.0,60.0,32.0,73.0,8.0,11.0,33.0,89.0,88.0,88.0,58.0,58.0,0.8,1.5
729,20211231,17,36.0,25.0,59.0,31.0,71.0,6.0,10.0,42.0,87.0,72.0,88.0,66.0,66.0,0.7,1.5
730,20211231,18,31.0,18.0,57.0,31.0,70.0,5.0,10.0,46.0,84.0,62.0,88.0,72.0,72.0,0.7,1.4
731,20211231,19,28.0,16.0,55.0,28.0,67.0,5.0,10.0,38.0,81.0,67.0,88.0,74.0,74.0,0.7,1.4
732,20211231,20,23.0,11.0,53.0,21.0,64.0,5.0,9.0,31.0,77.0,72.0,88.0,76.0,76.0,0.6,1.3
733,20211231,21,21.0,10.0,50.0,18.0,61.0,5.0,9.0,42.0,73.0,60.0,88.0,74.0,76.0,0.6,1.3
734,20211231,22,26.0,11.0,47.0,18.0,57.0,5.0,8.0,51.0,70.0,49.0,88.0,69.0,76.0,0.6,1.2
735,20211231,23,24.0,10.0,44.0,18.0,53.0,5.0,8.0,48.0,68.0,50.0,88.0,65.0,76.0,0.6,1.2
